,job_company,job_titles,job_location,job_url,job_type
0,Google,,,,Error
1,Google,,,,Error
2,Google,,,,Error
3,Google,,,,Error
4,Google,,,,Error
5,Google,,,,Error
6,Google,,,,Error
7,Google,,,,Error
8,Google,,,,Error
9,Google,,,,Error
10,Google,,,,Error
11,Google,,,,Error
12,Google,,,,Error
13,Google,,,,Error
14,Google,,,,Error
15,Google,,,,Error
16,Google,,,,Error
17,Google,,,,Error
18,Google,,,,Error
19,Google,,,,Error
20,Google,,,,Error
21,Google,,,,Error
22,Google,,,,Error
23,Google,,,,Error
24,Google,,,,Error
25,Google,,,,Error
26,Google,,,,Error
27,Google,,,,Error
28,Google,,,,Error
29,Google,,,,Error
30,Google,,,,Error
31,Google,,,,Error
32,Google,,,,Error
33,Google,,,,Error
34,Google,,,,Error
35,Google,,,,Error
36,Google,,,,Error
37,Google,,,,Error
38,Google,,,,Error
39,Google,,,,Error
40,Google,,,,Error
41,Google,,,,Error
42,Google,,,,Error
43,Google,,,,Error
44,Google,,,,Error
45,Google,,,,Error
46,Google,,,,Error
47,Google,,,,Error
48,Google,,,,Error
49,Google,,,,Error
50,Google,,,,Error
51,Google,,,,Error
52,Google,,,,Error
53,Google,,,,Error
54,Google,,,,Error
55,Google,,,,Error
56,Google,,,,Error
57,Google,,,,Error
58,Google,,,,Error
59,Google,,,,Error
60,Google,,,,Error
61,Google,,,,Error
62,Google,,,,Error
63,Google,,,,Error
64,Google,,,,Error
65,Google,,,,Error
66,Google,,,,Error
67,Google,,,,Error
68,Google,,,,Error
69,Google,,,,Error
70,Google,,,,Error
71,Google,,,,Error
72,Google,,,,Error
73,Google,,,,Error
74,Google,,,,Error
75,Google,,,,Error
76,Google,,,,Error
77,Google,,,,Error
78,Google,,,,Error
79,Google,,,,Error
80,Google,,,,Error
81,Google,,,,Error
82,Google,,,,Error
83,Google,,,,Error
84,Google,,,,Error
85,Google,,,,Error
86,Google,,,,Error
87,Google,,,,Error
88,Google,,,,Error
89,Google,,,,Error
90,Google,,,,Error
91,Google,,,,Error
92,Google,,,,Error
93,Google,,,,Error
94,Google,,,,Error
95,Google,,,,Error
96,Google,,,,Error
97,Google,,,,Error
98,Google,,,,Error
99,Google,,,,Error
100,Google,,,,Error
101,Google,,,,Error
102,Google,,,,Error
103,Google,,,,Error
104,Google,,,,Error
105,Google,,,,Error
106,Google,,,,Error
107,Google,,,,Error
108,Google,,,,Error
109,Google,,,,Error
110,Google,,,,Error
111,Google,,,,Error
112,Google,,,,Error
113,Google,,,,Error
114,Google,,,,Error
115,Google,,,,Error
116,Google,,,,Error
117,Google,,,,Error
118,Google,,,,Error
119,Google,,,,Error
120,Google,,,,Error
121,Google,,,,Error
122,Google,,,,Error
123,Google,,,,Error
124,Google,,,,Error
125,Google,,,,Error
126,Google,,,,Error
127,Google,,,,Error
128,Google,,,,Error
129,Google,,,,Error
130,Google,,,,Error
131,Google,,,,Error
132,Google,,,,Error
133,Google,,,,Error
134,Google,,,,Error
135,Google,,,,Error
136,Google,,,,Error
137,Google,,,,Error
138,Google,,,,Error
139,Google,,,,Error
140,Google,,,,Error
141,Google,,,,Error
142,Google,,,,Error
143,Google,,,,Error
144,Google,,,,Error
145,Google,,,,Error
146,Google,,,,Error
147,Google,,,,Error
148,Google,,,,Error
149,Google,,,,Error
150,Google,,,,Error
151,Google,,,,Error
152,Google,,,,Error
153,Google,,,,Error
154,Google,,,,Error
155,Google,,,,Error
156,Google,,,,Error
157,Google,,,,Error
158,Google,,,,Error
159,Google,,,,Error
160,Google,,,,Error
161,Google,,,,Error
162,Google,,,,Error
163,Google,,,,Error
164,Google,,,,Error
165,Google,,,,Error
166,Google,,,,Error
167,Google,,,,Error
168,Google,,,,Error
169,Google,,,,Error
170,Google,,,,Error
171,Google,,,,Error
172,Google,,,,Error
173,Google,,,,Error
174,Google,,,,Error
175,Google,,,,Error
176,Google,,,,Error
177,Google,,,,Error
178,Google,,,,Error
179,Google,,,,Error
180,Google,,,,Error
181,Google,,,,Error
182,Google,,,,Error
183,Google,,,,Error
184,Google,,,,Error
185,Google,,,,Error
186,Google,,,,Error
187,Google,,,,Error
188,Google,,,,Error
189,Google,,,,Error
190,Google,,,,Error
191,Google,,,,Error
192,Google,,,,Error
193,Google,,,,Error
194,Google,,,,Error
195,Google,,,,Error
196,Google,,,,Error
197,Google,,,,Error
198,Google,,,,Error
199,Google,,,,Error
200,Google,,,,Error
201,Google,,,,Error
202,Google,,,,Error
203,Google,,,,Error
204,Google,,,,Error
205,Google,,,,Error
206,Google,,,,Error
207,Google,,,,Error
208,Google,,,,Error
209,Google,,,,Error
210,Google,,,,Error
211,Google,,,,Error
212,Google,,,,Error
213,Google,,,,Error
214,Google,,,,Error
215,Google,,,,Error
216,Google,,,,Error
217,Google,,,,Error
218,Google,,,,Error
219,Google,,,,Error
220,Google,,,,Error
221,Google,,,,Error
222,Google,,,,Error
223,Google,,,,Error
224,Google,,,,Error
225,Google,,,,Error
226,Google,,,,Error
227,Google,,,,Error
228,Google,,,,Error
229,Google,,,,Error
230,Google,,,,Error
231,Google,,,,Error
232,Google,,,,Error
233,Google,,,,Error
234,Google,,,,Error
235,Google,,,,Error
236,Google,,,,Error
237,Google,,,,Error
238,Google,,,,Error
239,Google,,,,Error
240,Google,,,,Error
241,Google,,,,Error
242,Google,,,,Error
243,Google,,,,Error
244,Google,,,,Error
245,Google,,,,Error
246,Google,,,,Error
247,Google,,,,Error
248,Google,,,,Error
249,Google,,,,Error
250,Google,,,,Error
251,Google,,,,Error
252,Google,,,,Error
253,Google,,,,Error
254,Google,,,,Error
255,Google,,,,Error
256,Google,,,,Error
257,Google,,,,Error
258,Google,,,,Error
259,Google,,,,Error
260,Google,,,,Error
261,Google,,,,Error
262,Google,,,,Error
263,Google,,,,Error
264,Google,,,,Error
265,Google,,,,Error
266,Google,,,,Error
267,Google,,,,Error
268,Google,,,,Error
269,Google,,,,Error
270,Google,,,,Error
271,Google,,,,Error
272,Google,,,,Error
273,Google,,,,Error
274,Google,,,,Error
275,Google,,,,Error
276,Google,,,,Error
277,Google,,,,Error
278,Google,,,,Error
279,Google,,,,Error
280,Google,,,,Error
281,Google,,,,Error
282,Google,,,,Error
283,Google,,,,Error
284,Google,,,,Error
285,Google,,,,Error
286,Google,,,,Error
287,Google,,,,Error
288,Google,,,,Error
289,Google,,,,Error
290,Google,,,,Error
291,Google,,,,Error
292,Google,,,,Error
293,Google,,,,Error
294,Google,,,,Error
295,Google,,,,Error
296,Google,,,,Error
297,Google,,,,Error
298,Google,,,,Error
299,Google,,,,Error
300,Google,,,,Error
301,Google,,,,Error
302,Google,,,,Error
303,Google,,,,Error
304,Google,,,,Error
305,Google,,,,Error
306,Google,,,,Error
307,Google,,,,Error
308,Google,,,,Error
309,Google,,,,Error
310,Google,,,,Error
311,Google,,,,Error
312,Google,,,,Error
313,Google,,,,Error
314,Google,,,,Error
315,Google,,,,Error
316,Google,,,,Error
317,Google,,,,Error
318,Google,,,,Error
319,Google,,,,Error
320,Google,,,,Error
321,Google,,,,Error
322,Google,,,,Error
323,Google,,,,Error
324,Google,,,,Error
325,Google,,,,Error
326,Google,,,,Error
327,Google,,,,Error
328,Google,,,,Error
329,Google,,,,Error
330,Google,,,,Error
331,Google,,,,Error
332,Google,,,,Error
333,Google,,,,Error
334,Google,,,,Error
335,Google,,,,Error
336,Google,,,,Error
337,Google,,,,Error
338,Google,,,,Error
339,Google,,,,Error
340,Google,,,,Error
341,Google,,,,Error
342,Google,,,,Error
343,Google,,,,Error
344,Google,,,,Error
345,Google,,,,Error
346,Google,,,,Error
347,Google,,,,Error
348,Google,,,,Error
349,Google,,,,Error
350,Google,,,,Error
351,Google,,,,Error
352,Google,,,,Error
353,Google,,,,Error
354,Google,,,,Error
355,Google,,,,Error
356,Google,,,,Error
357,Google,,,,Error
358,Google,,,,Error
359,Google,,,,Error
360,Google,,,,Error
361,Google,,,,Error
362,Google,,,,Error
363,Google,,,,Error
364,Google,,,,Error
365,Google,,,,Error
366,Google,,,,Error
367,Google,,,,Error
368,Google,,,,Error
369,Google,,,,Error
370,Google,,,,Error
371,Google,,,,Error
372,Google,,,,Error
373,Google,,,,Error
374,Google,,,,Error
375,Google,,,,Error
376,Google,,,,Error
377,Google,,,,Error
378,Google,,,,Error
379,Google,,,,Error
380,Google,,,,Error
381,Google,,,,Error
382,Google,,,,Error
383,Google,,,,Error
384,Google,,,,Error
385,Google,,,,Error
386,Google,,,,Error
387,Google,,,,Error
388,Google,,,,Error
389,Google,,,,Error
390,Google,,,,Error
391,Google,,,,Error
392,Google,,,,Error
393,Google,,,,Error
394,Google,,,,Error
395,Google,,,,Error
396,Google,,,,Error
397,Google,,,,Error
398,Google,,,,Error
399,Google,,,,Error
400,Google,,,,Error
401,Google,,,,Error
402,Google,,,,Error
403,Google,,,,Error
404,Google,,,,Error
405,Google,,,,Error
406,Google,,,,Error
407,Google,,,,Error
408,Google,,,,Error
409,Google,,,,Error
410,Google,,,,Error
411,Google,,,,Error
412,Google,,,,Error
413,Google,,,,Error
414,Google,,,,Error
415,Google,,,,Error
416,Google,,,,Error
417,Google,,,,Error
418,Google,,,,Error
419,Google,,,,Error
420,Google,,,,Error
421,Google,,,,Error
422,Google,,,,Error
423,Google,,,,Error
424,Google,,,,Error
425,Google,,,,Error
426,Google,,,,Error
427,Google,,,,Error
428,Google,,,,Error
429,Google,,,,Error
430,Google,,,,Error
431,Google,,,,Error
432,Google,,,,Error
433,Google,,,,Error
434,Google,,,,Error
435,Google,,,,Error
436,Google,,,,Error
437,Google,,,,Error
438,Google,,,,Error
439,Google,,,,Error
440,Google,,,,Error
441,Google,,,,Error
442,Google,,,,Error
443,Google,,,,Error
444,Google,,,,Error
445,Google,,,,Error
446,Google,,,,Error
447,Google,,,,Error
448,Google,,,,Error
449,Google,,,,Error
450,Google,,,,Error
451,Google,,,,Error
452,Google,,,,Error
453,Google,,,,Error
454,Google,,,,Error
455,Google,,,,Error
456,Google,,,,Error
457,Google,,,,Error
458,Google,,,,Error
459,Google,,,,Error
460,Google,,,,Error
461,Google,,,,Error
462,Google,,,,Error
463,Google,,,,Error
464,Google,,,,Error
465,Google,,,,Error
466,Google,,,,Error
467,Google,,,,Error
468,Google,,,,Error
469,Google,,,,Error
470,Google,,,,Error
471,Google,,,,Error
472,Google,,,,Error
473,Google,,,,Error
474,Google,,,,Error
475,Google,,,,Error
476,Google,,,,Error
477,Google,,,,Error
478,Google,,,,Error
479,Google,,,,Error
480,Google,,,,Error
481,Google,,,,Error
482,Google,,,,Error
483,Google,,,,Error
484,Google,,,,Error
485,Google,,,,Error
486,Google,,,,Error
487,Google,,,,Error
488,Google,,,,Error
489,Google,,,,Error
490,Google,,,,Error
491,Google,,,,Error
492,Google,,,,Error
493,Google,,,,Error
494,Google,,,,Error
495,Google,,,,Error
496,Google,,,,Error
497,Google,,,,Error
498,Google,,,,Error
499,Google,,,,Error
500,Google,,,,Error
501,Google,,,,Error
502,Google,,,,Error
503,Google,,,,Error
504,Google,,,,Error
505,Google,,,,Error
506,Google,,,,Error
507,Google,,,,Error
508,Google,,,,Error
509,Google,,,,Error
510,Google,,,,Error
511,Google,,,,Error
512,Google,,,,Error
513,Google,,,,Error
514,Google,,,,Error
515,Google,,,,Error
516,Google,,,,Error
517,Google,,,,Error
518,Google,,,,Error
519,Google,,,,Error
520,Google,,,,Error
521,Google,,,,Error
522,Google,,,,Error
523,Google,,,,Error
524,Google,,,,Error
525,Google,,,,Error
526,Google,,,,Error
527,Google,,,,Error
528,Google,,,,Error
529,Google,,,,Error
530,Google,,,,Error
531,Google,,,,Error
532,Google,,,,Error
533,Google,,,,Error
534,Google,,,,Error
535,Google,,,,Error
536,Google,,,,Error
537,Google,,,,Error
538,Google,,,,Error
539,Google,,,,Error
540,Google,,,,Error
541,Google,,,,Error
542,Google,,,,Error
543,Google,,,,Error
544,Google,,,,Error
545,Google,,,,Error
546,Google,,,,Error
547,Google,,,,Error
548,Google,,,,Error
549,Google,,,,Error
550,Google,,,,Error
551,Google,,,,Error
552,Google,,,,Error
553,Google,,,,Error
554,Google,,,,Error
555,Google,,,,Error
556,Google,,,,Error
557,Google,,,,Error
558,Google,,,,Error
559,Google,,,,Error
560,Google,,,,Error
561,Google,,,,Error
562,Google,,,,Error
563,Google,,,,Error
564,Google,,,,Error
565,Google,,,,Error
566,Google,,,,Error
567,Google,,,,Error
568,Google,,,,Error
569,Google,,,,Error
570,Google,,,,Error
571,Google,,,,Error
572,Google,,,,Error
573,Google,,,,Error
574,Google,,,,Error
575,Google,,,,Error
576,Google,,,,Error
577,Google,,,,Error
578,Google,,,,Error
579,Google,,,,Error
580,Google,,,,Error
581,Google,,,,Error
582,Google,,,,Error
583,Google,,,,Error
584,Google,,,,Error
585,Google,,,,Error
586,Google,,,,Error
587,Google,,,,Error
588,Google,,,,Error
589,Google,,,,Error
590,Google,,,,Error
591,Google,,,,Error
592,Google,,,,Error
593,Google,,,,Error
594,Google,,,,Error
595,Google,,,,Error
596,Google,,,,Error
597,Google,,,,Error
598,Google,,,,Error
599,Google,,,,Error
600,Google,,,,Error
601,Google,,,,Error
602,Google,,,,Error
603,Google,,,,Error
604,Google,,,,Error
605,Google,,,,Error
606,Google,,,,Error
607,Google,,,,Error
608,Google,,,,Error
609,Google,,,,Error
610,Google,,,,Error
611,Google,,,,Error
612,Google,,,,Error
613,Google,,,,Error
614,Google,,,,Error
615,Google,,,,Error
616,Google,,,,Error
617,Google,,,,Error
618,Google,,,,Error
619,Google,,,,Error
620,Google,,,,Error
621,Google,,,,Error
622,Google,,,,Error
623,Google,,,,Error
624,Google,,,,Error
625,Google,,,,Error
626,Google,,,,Error
627,Google,,,,Error
628,Google,,,,Error
629,Google,,,,Error
630,Google,,,,Error
631,Google,,,,Error
632,Google,,,,Error
633,Google,,,,Error
634,Google,,,,Error
635,Google,,,,Error
636,Google,,,,Error
637,Google,,,,Error
638,Google,,,,Error
639,Google,,,,Error
640,Google,,,,Error
641,Google,,,,Error
642,Google,,,,Error
643,Google,,,,Error
644,Google,,,,Error
645,Google,,,,Error
646,Google,,,,Error
647,Google,,,,Error
648,Google,,,,Error
649,Google,,,,Error
650,Google,,,,Error
651,Google,,,,Error
652,Google,,,,Error
653,Google,,,,Error
654,Google,,,,Error
655,Google,,,,Error
656,Google,,,,Error
657,Google,,,,Error
658,Google,,,,Error
659,Google,,,,Error
660,Google,,,,Error
661,Google,,,,Error
662,Google,,,,Error
663,Google,,,,Error
664,Google,,,,Error
665,Google,,,,Error
666,Google,,,,Error
667,Google,,,,Error
668,Google,,,,Error
669,Google,,,,Error
670,Google,,,,Error
671,Google,,,,Error
672,Google,,,,Error
673,Google,,,,Error
674,Google,,,,Error
675,Google,,,,Error
676,Google,,,,Error
677,Google,,,,Error
678,Google,,,,Error
679,Google,,,,Error
680,Google,,,,Error
681,Google,,,,Error
682,Google,,,,Error
683,Google,,,,Error
684,Google,,,,Error
685,Google,,,,Error
686,Google,,,,Error
687,Google,,,,Error
688,Google,,,,Error
689,Google,,,,Error
690,Google,,,,Error
691,Google,,,,Error
692,Google,,,,Error
693,Google,,,,Error
694,Google,,,,Error
695,Google,,,,Error
696,Google,,,,Error
697,Google,,,,Error
698,Google,,,,Error
699,Google,,,,Error
700,Google,,,,Error
701,Google,,,,Error
702,Google,,,,Error
703,Google,,,,Error
704,Google,,,,Error
705,Google,,,,Error
706,Google,,,,Error
707,Google,,,,Error
708,Google,,,,Error
709,Google,,,,Error
710,Google,,,,Error
711,Google,,,,Error
712,Google,,,,Error
713,Google,,,,Error
714,Google,,,,Error
715,Google,,,,Error
716,Google,,,,Error
717,Google,,,,Error
718,Google,,,,Error
719,Google,,,,Error
720,Google,,,,Error
721,Google,,,,Error
722,Google,,,,Error
723,Google,,,,Error
724,Google,,,,Error
725,Google,,,,Error
726,Google,,,,Error
727,Google,,,,Error
728,Google,,,,Error
729,Google,,,,Error
730,Google,,,,Error
731,Google,,,,Error
732,Google,,,,Error
733,Google,,,,Error
734,Google,,,,Error
735,Google,,,,Error
736,Google,,,,Error
737,Google,,,,Error
738,Google,,,,Error
739,Google,,,,Error
740,Google,,,,Error
741,Google,,,,Error
742,Google,,,,Error
743,Google,,,,Error
744,Google,,,,Error
745,Google,,,,Error
746,Google,,,,Error
747,Google,,,,Error
748,Google,,,,Error
749,Google,,,,Error
750,Google,,,,Error
751,Google,,,,Error
752,Google,,,,Error
753,Google,,,,Error
754,Google,,,,Error
755,Google,,,,Error
756,Google,,,,Error
757,Google,,,,Error
758,Google,,,,Error
759,Google,,,,Error
760,Google,,,,Error
761,Google,,,,Error
762,Google,,,,Error
763,Google,,,,Error
764,Google,,,,Error
765,Google,,,,Error
766,Google,,,,Error
767,Google,,,,Error
768,Google,,,,Error
769,Google,,,,Error
770,Google,,,,Error
771,Google,,,,Error
772,Google,,,,Error
773,Google,,,,Error
774,Google,,,,Error
775,Google,,,,Error
776,Google,,,,Error
777,Google,,,,Error
778,Google,,,,Error
779,Google,,,,Error
780,Google,,,,Error
781,Google,,,,Error
782,Google,,,,Error
783,Google,,,,Error
784,Google,,,,Error
785,Google,,,,Error
786,Google,,,,Error
787,Google,,,,Error
788,Google,,,,Error
789,Google,,,,Error
790,Google,,,,Error
791,Google,,,,Error
792,Google,,,,Error
793,Google,,,,Error
794,Google,,,,Error
795,Google,,,,Error
796,Google,,,,Error
797,Google,,,,Error
798,Google,,,,Error
799,Google,,,,Error
800,Google,,,,Error
801,Google,,,,Error
802,Google,,,,Error
803,Google,,,,Error
804,Google,,,,Error
805,Google,,,,Error
806,Google,,,,Error
807,Google,,,,Error
808,Google,,,,Error
809,Google,,,,Error
810,Google,,,,Error
811,Google,,,,Error
812,Google,,,,Error
813,Google,,,,Error
814,Google,,,,Error
815,Google,,,,Error
816,Google,,,,Error
817,Google,,,,Error
818,Google,,,,Error
819,Google,,,,Error
820,Google,,,,Error
821,Google,,,,Error
822,Google,,,,Error
823,Google,,,,Error
824,Google,,,,Error
825,Google,,,,Error
826,Google,,,,Error
827,Google,,,,Error
828,Google,,,,Error
829,Google,,,,Error
830,Google,,,,Error
831,Google,,,,Error
832,Google,,,,Error
833,Google,,,,Error
834,Google,,,,Error
835,Google,,,,Error
836,Google,,,,Error
837,Google,,,,Error
838,Google,,,,Error
839,Google,,,,Error
840,Google,,,,Error
841,Google,,,,Error
842,Google,,,,Error
843,Google,,,,Error
844,Google,,,,Error
845,Google,,,,Error
846,Google,,,,Error
847,Google,,,,Error
848,Google,,,,Error
849,Google,,,,Error
850,Google,,,,Error
851,Google,,,,Error
852,Google,,,,Error
853,Google,,,,Error
854,Google,,,,Error
855,Google,,,,Error
856,Google,,,,Error
857,Google,,,,Error
858,Google,,,,Error
859,Google,,,,Error
860,Google,,,,Error
861,Google,,,,Error
862,Google,,,,Error
863,Google,,,,Error
864,Google,,,,Error
865,Google,,,,Error
866,Google,,,,Error
867,Google,,,,Error
868,Google,,,,Error
869,Google,,,,Error
870,Google,,,,Error
871,Google,,,,Error
872,Google,,,,Error
873,Google,,,,Error
874,Google,,,,Error
875,Google,,,,Error
876,Google,,,,Error
877,Google,,,,Error
878,Google,,,,Error
879,Google,,,,Error
880,Google,,,,Error
881,Google,,,,Error
882,Google,,,,Error
883,Google,,,,Error
884,Google,,,,Error
885,Google,,,,Error
886,Google,,,,Error
887,Google,,,,Error
888,Google,,,,Error
889,Google,,,,Error
890,Google,,,,Error
891,Google,,,,Error
892,Google,,,,Error
893,Google,,,,Error
894,Google,,,,Error
895,Google,,,,Error
896,Google,,,,Error
897,Google,,,,Error
898,Google,,,,Error
899,Google,,,,Error
900,Google,,,,Error
901,Google,,,,Error
902,Google,,,,Error
903,Google,,,,Error
904,Google,,,,Error
905,Google,,,,Error
906,Google,,,,Error
907,Google,,,,Error
908,Google,,,,Error
909,Google,,,,Error
910,Google,,,,Error
911,Google,,,,Error
912,Google,,,,Error
913,Google,,,,Error
914,Google,,,,Error
915,Google,,,,Error
916,Google,,,,Error
917,Google,,,,Error
918,Google,,,,Error
919,Google,,,,Error
920,Google,,,,Error
921,Google,,,,Error
922,Google,,,,Error
923,Google,,,,Error
924,Google,,,,Error
925,Google,,,,Error
926,Google,,,,Error
927,Google,,,,Error
928,Google,,,,Error
929,Google,,,,Error
930,Google,,,,Error
931,Google,,,,Error
932,Google,,,,Error
933,Google,,,,Error
934,Google,,,,Error
935,Google,,,,Error
936,Google,,,,Error
937,Google,,,,Error
938,Google,,,,Error
939,Google,,,,Error
940,Google,,,,Error
941,Google,,,,Error
942,Google,,,,Error
943,Google,,,,Error
944,Google,,,,Error
945,Google,,,,Error
946,Google,,,,Error
947,Google,,,,Error
948,Google,,,,Error
949,Google,,,,Error
950,Google,,,,Error
951,Google,,,,Error
952,Google,,,,Error
953,Google,,,,Error
954,Google,,,,Error
955,Google,,,,Error
956,Google,,,,Error
957,Google,,,,Error
958,Google,,,,Error
959,Google,,,,Error
960,Google,,,,Error
961,Google,,,,Error
962,Google,,,,Error
963,Google,,,,Error
964,Google,,,,Error
965,Google,,,,Error
966,Google,,,,Error
967,Google,,,,Error
968,Google,,,,Error
969,Google,,,,Error
970,Google,,,,Error
971,Google,,,,Error
972,Google,,,,Error
973,Google,,,,Error
974,Google,,,,Error
975,Google,,,,Error
976,Google,,,,Error
977,Google,,,,Error
978,Google,,,,Error
979,Google,,,,Error
980,Google,,,,Error
981,Google,,,,Error
982,Google,,,,Error
983,Google,,,,Error
984,Google,,,,Error
985,Google,,,,Error
986,Google,,,,Error
987,Google,,,,Error
988,Google,,,,Error
989,Google,,,,Error
990,Google,,,,Error
991,Google,,,,Error
992,Google,,,,Error
993,Google,,,,Error
994,Google,,,,Error
995,Google,,,,Error
996,Google,,,,Error
997,Google,,,,Error
998,Google,,,,Error
999,Google,,,,Error
1000,Google,,,,Error
1001,Google,,,,Error
1002,Google,,,,Error
1003,Google,,,,Error
1004,Google,,,,Error
1005,Google,,,,Error
1006,Google,,,,Error
1007,Google,,,,Error
1008,Google,,,,Error
1009,Google,,,,Error
1010,Google,,,,Error
1011,Google,,,,Error
1012,Google,,,,Error
1013,Google,,,,Error
1014,Google,,,,Error
1015,Google,,,,Error
1016,Google,,,,Error
1017,Google,,,,Error
1018,Google,,,,Error
1019,Google,,,,Error
1020,Google,,,,Error
1021,Google,,,,Error
1022,Google,,,,Error
1023,Google,,,,Error
1024,Google,,,,Error
1025,Google,,,,Error
1026,Google,,,,Error
1027,Google,,,,Error
1028,Google,,,,Error
1029,Google,,,,Error
1030,Google,,,,Error
1031,Google,,,,Error
1032,Google,,,,Error
1033,Google,,,,Error
1034,Google,,,,Error
1035,Google,,,,Error
1036,Google,,,,Error
1037,Google,,,,Error
1038,Google,,,,Error
1039,Google,,,,Error
1040,Google,,,,Error
1041,Google,,,,Error
1042,Google,,,,Error
1043,Google,,,,Error
1044,Google,,,,Error
1045,Google,,,,Error
1046,Google,,,,Error
1047,Google,,,,Error
1048,Google,,,,Error
1049,Google,,,,Error
1050,Google,,,,Error
1051,Google,,,,Error
1052,Google,,,,Error
1053,Google,,,,Error
1054,Google,,,,Error
1055,Google,,,,Error
1056,Google,,,,Error
1057,Google,,,,Error
1058,Google,,,,Error
1059,Google,,,,Error
1060,Google,,,,Error
1061,Google,,,,Error
1062,Google,,,,Error
1063,Google,,,,Error
1064,Google,,,,Error
1065,Google,,,,Error
1066,Google,,,,Error
1067,Google,,,,Error
1068,Google,,,,Error
1069,Google,,,,Error
1070,Google,,,,Error
1071,Google,,,,Error
1072,Google,,,,Error
1073,Google,,,,Error
1074,Google,,,,Error
1075,Google,,,,Error
1076,Google,,,,Error
1077,Google,,,,Error
1078,Google,,,,Error
1079,Google,,,,Error
1080,Google,,,,Error
1081,Google,,,,Error
1082,Google,,,,Error
1083,Google,,,,Error
1084,Google,,,,Error
1085,Google,,,,Error
1086,Google,,,,Error
1087,Google,,,,Error
1088,Google,,,,Error
1089,Google,,,,Error
1090,Google,,,,Error
1091,Google,,,,Error
1092,Google,,,,Error
1093,Google,,,,Error
1094,Google,,,,Error
1095,Google,,,,Error
1096,Google,,,,Error
1097,Google,,,,Error
1098,Google,,,,Error
1099,Google,,,,Error
1100,Google,,,,Error
1101,Google,,,,Error
1102,Google,,,,Error
1103,Google,,,,Error
1104,Google,,,,Error
1105,Google,,,,Error
1106,Google,,,,Error
1107,Google,,,,Error
1108,Google,,,,Error
1109,Google,,,,Error
1110,Google,,,,Error
1111,Google,,,,Error
1112,Google,,,,Error
1113,Google,,,,Error
1114,Google,,,,Error
1115,Google,,,,Error
1116,Google,,,,Error
1117,Google,,,,Error
1118,Google,,,,Error
1119,Google,,,,Error
1120,Google,,,,Error
1121,Google,,,,Error
1122,Google,,,,Error
1123,Google,,,,Error
1124,Google,,,,Error
1125,Google,,,,Error
1126,Google,,,,Error
1127,Google,,,,Error
1128,Google,,,,Error
1129,Google,,,,Error
1130,Google,,,,Error
1131,Google,,,,Error
1132,Google,,,,Error
1133,Google,,,,Error
1134,Google,,,,Error
1135,Google,,,,Error
1136,Google,,,,Error
1137,Google,,,,Error
1138,Google,,,,Error
1139,Google,,,,Error
1140,Google,,,,Error
1141,Google,,,,Error
1142,Google,,,,Error
1143,Google,,,,Error
1144,Google,,,,Error
1145,Google,,,,Error
1146,Google,,,,Error
1147,Google,,,,Error
1148,Google,,,,Error
1149,Google,,,,Error
1150,Google,,,,Error
1151,Google,,,,Error
1152,Google,,,,Error
1153,Google,,,,Error
1154,Google,,,,Error
1155,Google,,,,Error
1156,Google,,,,Error
1157,Google,,,,Error
1158,Google,,,,Error
1159,Google,,,,Error
1160,Google,,,,Error
1161,Google,,,,Error
1162,Google,,,,Error
1163,Google,,,,Error
1164,Google,,,,Error
1165,Google,,,,Error
1166,Google,,,,Error
1167,Google,,,,Error
1168,Google,,,,Error
1169,Google,,,,Error
1170,Google,,,,Error
1171,Google,,,,Error
1172,Google,,,,Error
1173,Google,,,,Error
1174,Google,,,,Error
1175,Google,,,,Error
1176,Google,,,,Error
1177,Google,,,,Error
1178,Google,,,,Error
1179,Google,,,,Error
1180,Google,,,,Error
1181,Google,,,,Error
1182,Google,,,,Error
1183,Google,,,,Error
1184,Google,,,,Error
1185,Google,,,,Error
1186,Google,,,,Error
1187,Google,,,,Error
1188,Google,,,,Error
1189,Google,,,,Error
1190,Google,,,,Error
1191,Google,,,,Error
1192,Google,,,,Error
1193,Google,,,,Error
1194,Google,,,,Error
1195,Google,,,,Error
1196,Google,,,,Error
1197,Google,,,,Error
1198,Google,,,,Error
1199,Google,,,,Error
1200,Google,,,,Error
1201,Google,,,,Error
1202,Google,,,,Error
1203,Google,,,,Error
1204,Google,,,,Error
1205,Google,,,,Error
1206,Google,,,,Error
1207,Google,,,,Error
1208,Google,,,,Error
1209,Google,,,,Error
1210,Google,,,,Error
1211,Google,,,,Error
1212,Google,,,,Error
1213,Google,,,,Error
1214,Google,,,,Error
1215,Google,,,,Error
1216,Google,,,,Error
1217,Google,,,,Error
1218,Google,,,,Error
1219,Google,,,,Error
1220,Google,,,,Error
1221,Google,,,,Error
1222,Google,,,,Error
1223,Google,,,,Error
1224,Google,,,,Error
1225,Google,,,,Error
1226,Google,,,,Error
1227,Google,,,,Error
1228,Google,,,,Error
1229,Google,,,,Error
1230,Google,,,,Error
1231,Google,,,,Error
1232,Google,,,,Error
1233,Google,,,,Error
1234,Google,,,,Error
1235,Google,,,,Error
1236,Google,,,,Error
1237,Google,,,,Error
1238,Google,,,,Error
1239,Google,,,,Error
1240,Google,,,,Error
1241,Google,,,,Error
1242,Google,,,,Error
1243,Google,,,,Error
1244,Google,,,,Error
1245,Google,,,,Error
1246,Google,,,,Error
1247,Google,,,,Error
1248,Google,,,,Error
1249,Google,,,,Error
1250,Google,,,,Error
1251,Google,,,,Error
1252,Google,,,,Error
1253,Google,,,,Error
1254,Google,,,,Error
1255,Google,,,,Error
1256,Google,,,,Error
1257,Google,,,,Error
1258,Google,,,,Error
1259,Google,,,,Error
1260,Google,,,,Error
1261,Google,,,,Error
1262,Google,,,,Error
1263,Google,,,,Error
1264,Google,,,,Error
1265,Google,,,,Error
1266,Google,,,,Error
1267,Google,,,,Error
1268,Google,,,,Error
1269,Google,,,,Error
1270,Google,,,,Error
1271,Google,,,,Error
1272,Google,,,,Error
1273,Google,,,,Error
1274,Google,,,,Error
1275,Google,,,,Error
1276,Google,,,,Error
1277,Google,,,,Error
1278,Google,,,,Error
1279,Google,,,,Error
1280,Google,,,,Error
1281,Google,,,,Error
1282,Google,,,,Error
1283,Google,,,,Error
1284,Google,,,,Error
1285,Google,,,,Error
1286,Google,,,,Error
1287,Google,,,,Error
1288,Google,,,,Error
1289,Google,,,,Error
1290,Google,,,,Error
1291,Google,,,,Error
1292,Google,,,,Error
1293,Google,,,,Error
1294,Google,,,,Error
1295,Google,,,,Error
1296,Google,,,,Error
1297,Google,,,,Error
1298,Google,,,,Error
1299,Google,,,,Error
1300,Google,,,,Error
1301,Google,,,,Error
1302,Google,,,,Error
1303,Google,,,,Error
1304,Google,,,,Error
1305,Google,,,,Error
1306,Google,,,,Error
1307,Google,,,,Error
1308,Google,,,,Error
1309,Google,,,,Error
1310,Google,,,,Error
1311,Google,,,,Error
1312,Google,,,,Error
1313,Google,,,,Error
1314,Google,,,,Error
1315,Google,,,,Error
1316,Google,,,,Error
1317,Google,,,,Error
1318,Google,,,,Error
1319,Google,,,,Error
1320,Google,,,,Error
1321,Google,,,,Error
1322,Google,,,,Error
1323,Google,,,,Error
1324,Google,,,,Error
1325,Google,,,,Error
1326,Google,,,,Error
1327,Google,,,,Error
1328,Google,,,,Error
1329,Google,,,,Error
1330,Google,,,,Error
1331,Google,,,,Error
1332,Google,,,,Error
1333,Google,,,,Error
1334,Google,,,,Error
1335,Google,,,,Error
1336,Google,,,,Error
1337,Google,,,,Error
1338,Google,,,,Error
1339,Google,,,,Error
1340,Google,,,,Error
1341,Google,,,,Error
1342,Google,,,,Error
1343,Google,,,,Error
1344,Google,,,,Error
1345,Google,,,,Error
1346,Google,,,,Error
1347,Google,,,,Error
1348,Google,,,,Error
1349,Google,,,,Error
1350,Google,,,,Error
1351,Google,,,,Error
1352,Google,,,,Error
1353,Google,,,,Error
1354,Google,,,,Error
1355,Google,,,,Error
1356,Google,,,,Error
1357,Google,,,,Error
1358,Google,,,,Error
1359,Google,,,,Error
1360,Google,,,,Error
1361,Google,,,,Error
1362,Google,,,,Error
1363,Google,,,,Error
1364,Google,,,,Error
1365,Google,,,,Error
1366,Google,,,,Error
1367,Google,,,,Error
1368,Google,,,,Error
1369,Google,,,,Error
1370,Google,,,,Error
1371,Google,,,,Error
1372,Google,,,,Error
1373,Google,,,,Error
1374,Google,,,,Error
1375,Google,,,,Error
1376,Google,,,,Error
1377,Google,,,,Error
1378,Google,,,,Error
1379,Google,,,,Error
1380,Google,,,,Error
1381,Google,,,,Error
1382,Google,,,,Error
1383,Google,,,,Error
1384,Google,,,,Error
1385,Google,,,,Error
1386,Google,,,,Error
1387,Google,,,,Error
1388,Google,,,,Error
1389,Google,,,,Error
1390,Google,,,,Error
1391,Google,,,,Error
1392,Google,,,,Error
1393,Google,,,,Error
1394,Google,,,,Error
1395,Google,,,,Error
1396,Google,,,,Error
1397,Google,,,,Error
1398,Google,,,,Error
1399,Google,,,,Error
1400,Google,,,,Error
1401,Google,,,,Error
1402,Google,,,,Error
1403,Google,,,,Error
1404,Google,,,,Error
1405,Google,,,,Error
1406,Google,,,,Error
1407,Google,,,,Error
1408,Google,,,,Error
1409,Google,,,,Error
1410,Google,,,,Error
1411,Google,,,,Error
1412,Google,,,,Error
1413,Google,,,,Error
1414,Google,,,,Error
1415,Google,,,,Error
1416,Google,,,,Error
1417,Google,,,,Error
1418,Google,,,,Error
1419,Google,,,,Error
1420,Google,,,,Error
1421,Google,,,,Error
1422,Google,,,,Error
1423,Google,,,,Error
1424,Google,,,,Error
1425,Google,,,,Error
1426,Google,,,,Error
1427,Google,,,,Error
1428,Google,,,,Error
1429,Google,,,,Error
1430,Google,,,,Error
1431,Google,,,,Error
1432,Google,,,,Error
1433,Google,,,,Error
1434,Google,,,,Error
1435,Google,,,,Error
1436,Google,,,,Error
1437,Google,,,,Error
1438,Google,,,,Error
1439,Google,,,,Error
1440,Google,,,,Error
1441,Google,,,,Error
1442,Google,,,,Error
1443,Google,,,,Error
1444,Google,,,,Error
1445,Google,,,,Error
1446,Google,,,,Error
1447,Google,,,,Error
1448,Google,,,,Error
1449,Google,,,,Error
1450,Google,,,,Error
1451,Google,,,,Error
1452,Google,,,,Error
1453,Google,,,,Error
1454,Google,,,,Error
1455,Google,,,,Error
1456,Google,,,,Error
1457,Google,,,,Error
1458,Google,,,,Error
1459,Google,,,,Error
1460,Google,,,,Error
1461,Google,,,,Error
1462,Google,,,,Error
1463,Google,,,,Error
1464,Google,,,,Error
1465,Google,,,,Error
1466,Google,,,,Error
1467,Google,,,,Error
1468,Google,,,,Error
1469,Google,,,,Error
1470,Google,,,,Error
1471,Google,,,,Error
1472,Google,,,,Error
1473,Google,,,,Error
1474,Google,,,,Error
1475,Google,,,,Error
1476,Google,,,,Error
1477,Google,,,,Error
1478,Google,,,,Error
1479,Google,,,,Error
1480,Google,,,,Error
1481,Google,,,,Error
1482,Google,,,,Error
1483,Google,,,,Error
1484,Google,,,,Error
1485,Google,,,,Error
1486,Google,,,,Error
1487,Google,,,,Error
1488,Google,,,,Error
1489,Google,,,,Error
1490,Google,,,,Error
1491,Google,,,,Error
1492,Google,,,,Error
1493,Google,,,,Error
1494,Google,,,,Error
1495,Google,,,,Error
1496,Google,,,,Error
1497,Google,,,,Error
1498,Google,,,,Error
1499,Google,,,,Error
1500,Google,,,,Error
1501,Google,,,,Error
1502,Google,,,,Error
1503,Google,,,,Error
1504,Google,,,,Error
1505,Google,,,,Error
1506,Google,,,,Error
1507,Google,,,,Error
1508,Google,,,,Error
1509,Google,,,,Error
1510,Google,,,,Error
1511,Google,,,,Error
1512,Google,,,,Error
1513,Google,,,,Error
1514,Google,,,,Error
1515,Google,,,,Error
1516,Google,,,,Error
1517,Google,,,,Error
1518,Google,,,,Error
1519,Google,,,,Error
1520,Google,,,,Error
1521,Google,,,,Error
1522,Google,,,,Error
1523,Google,,,,Error
1524,Google,,,,Error
1525,Google,,,,Error
1526,Google,,,,Error
1527,Google,,,,Error
1528,Google,,,,Error
1529,Google,,,,Error
1530,Google,,,,Error
1531,Google,,,,Error
1532,Google,,,,Error
1533,Google,,,,Error
1534,Google,,,,Error
1535,Google,,,,Error
1536,Google,,,,Error
1537,Google,,,,Error
1538,Google,,,,Error
1539,Google,,,,Error
1540,Google,,,,Error
1541,Google,,,,Error
1542,Google,,,,Error
1543,Google,,,,Error
1544,Google,,,,Error
1545,Google,,,,Error
1546,Google,,,,Error
1547,Google,,,,Error
1548,Google,,,,Error
1549,Google,,,,Error
1550,Google,,,,Error
1551,Google,,,,Error
1552,Google,,,,Error
1553,Google,,,,Error
1554,Google,,,,Error
1555,Google,,,,Error
1556,Google,,,,Error
1557,Google,,,,Error
1558,Google,,,,Error
1559,Google,,,,Error
1560,Google,,,,Error
1561,Google,,,,Error
1562,Google,,,,Error
1563,Google,,,,Error
1564,Google,,,,Error
1565,Google,,,,Error
1566,Google,,,,Error
1567,Google,,,,Error
1568,Google,,,,Error
1569,Google,,,,Error
1570,Google,,,,Error
1571,Google,,,,Error
1572,Google,,,,Error
1573,Google,,,,Error
1574,Google,,,,Error
1575,Google,,,,Error
1576,Google,,,,Error
1577,Google,,,,Error
1578,Google,,,,Error
1579,Google,,,,Error
1580,Google,,,,Error
1581,Google,,,,Error
1582,Google,,,,Error
1583,Google,,,,Error
1584,Google,,,,Error
1585,Google,,,,Error
1586,Google,,,,Error
1587,Google,,,,Error
1588,Google,,,,Error
1589,Google,,,,Error
1590,Google,,,,Error
1591,Google,,,,Error
1592,Google,,,,Error
1593,Google,,,,Error
1594,Google,,,,Error
1595,Google,,,,Error
1596,Google,,,,Error
1597,Google,,,,Error
1598,Google,,,,Error
1599,Google,,,,Error
1600,Google,,,,Error
1601,Google,,,,Error
1602,Google,,,,Error
1603,Google,,,,Error
1604,Google,,,,Error
1605,Google,,,,Error
1606,Google,,,,Error
1607,Google,,,,Error
1608,Google,,,,Error
1609,Google,,,,Error
1610,Google,,,,Error
1611,Google,,,,Error
1612,Google,,,,Error
1613,Google,,,,Error
1614,Google,,,,Error
1615,Google,,,,Error
1616,Google,,,,Error
1617,Google,,,,Error
1618,Google,,,,Error
1619,Google,,,,Error
1620,Google,,,,Error
1621,Google,,,,Error
1622,Google,,,,Error
1623,Google,,,,Error
1624,Google,,,,Error
1625,Google,,,,Error
1626,Google,,,,Error
1627,Google,,,,Error
1628,Google,,,,Error
1629,Google,,,,Error
1630,Google,,,,Error
1631,Google,,,,Error
1632,Google,,,,Error
1633,Google,,,,Error
1634,Google,,,,Error
1635,Google,,,,Error
1636,Google,,,,Error
1637,Google,,,,Error
1638,Google,,,,Error
1639,Google,,,,Error
1640,Google,,,,Error
1641,Google,,,,Error
1642,Google,,,,Error
1643,Google,,,,Error
1644,Google,,,,Error
1645,Google,,,,Error
1646,Google,,,,Error
1647,Google,,,,Error
1648,Google,,,,Error
1649,Google,,,,Error
1650,Google,,,,Error
1651,Google,,,,Error
1652,Google,,,,Error
1653,Google,,,,Error
1654,Google,,,,Error
1655,Google,,,,Error
1656,Google,,,,Error
1657,Google,,,,Error
1658,Google,,,,Error
1659,Google,,,,Error
1660,Google,,,,Error
1661,Google,,,,Error
1662,Google,,,,Error
1663,Google,,,,Error
1664,Google,,,,Error
1665,Google,,,,Error
1666,Google,,,,Error
1667,Google,,,,Error
1668,Google,,,,Error
1669,Google,,,,Error
1670,Google,,,,Error
1671,Google,,,,Error
1672,Google,,,,Error
1673,Google,,,,Error
1674,Google,,,,Error
1675,Google,,,,Error
1676,Google,,,,Error
1677,Google,,,,Error
1678,Google,,,,Error
1679,Google,,,,Error
1680,Google,,,,Error
1681,Google,,,,Error
1682,Google,,,,Error
1683,Google,,,,Error
1684,Google,,,,Error
1685,Google,,,,Error
1686,Google,,,,Error
1687,Google,,,,Error
1688,Google,,,,Error
1689,Google,,,,Error
1690,Google,,,,Error
1691,Google,,,,Error
1692,Google,,,,Error
1693,Google,,,,Error
1694,Google,,,,Error
1695,Google,,,,Error
1696,Google,,,,Error
1697,Google,,,,Error
1698,Google,,,,Error
1699,Google,,,,Error
1700,Google,,,,Error
1701,Google,,,,Error
1702,Google,,,,Error
1703,Google,,,,Error
1704,Google,,,,Error
1705,Google,,,,Error
1706,Google,,,,Error
1707,Google,,,,Error
1708,Google,,,,Error
1709,Google,,,,Error
1710,Google,,,,Error
1711,Google,,,,Error
1712,Google,,,,Error
1713,Google,,,,Error
1714,Google,,,,Error
1715,Google,,,,Error
1716,Google,,,,Error
1717,Google,,,,Error
1718,Google,,,,Error
1719,Google,,,,Error
1720,Google,,,,Error
1721,Google,,,,Error
1722,Google,,,,Error
1723,Google,,,,Error
1724,Google,,,,Error
1725,Google,,,,Error
1726,Google,,,,Error
1727,Google,,,,Error
1728,Google,,,,Error
1729,Google,,,,Error
1730,Google,,,,Error
1731,Google,,,,Error
1732,Google,,,,Error
1733,Google,,,,Error
1734,Google,,,,Error
1735,Google,,,,Error
1736,Google,,,,Error
1737,Google,,,,Error
1738,Google,,,,Error
1739,Google,,,,Error
1740,Google,,,,Error
1741,Google,,,,Error
1742,Google,,,,Error
1743,Google,,,,Error
1744,Google,,,,Error
1745,Google,,,,Error
1746,Google,,,,Error
1747,Google,,,,Error
1748,Google,,,,Error
1749,Google,,,,Error
1750,Google,,,,Error
1751,Google,,,,Error
1752,Google,,,,Error
1753,Google,,,,Error
1754,Google,,,,Error
1755,Google,,,,Error
1756,Google,,,,Error
1757,Google,,,,Error
1758,Google,,,,Error
1759,Google,,,,Error
1760,Google,,,,Error
1761,Google,,,,Error
1762,Google,,,,Error
1763,Google,,,,Error
1764,Google,,,,Error
1765,Google,,,,Error
1766,Google,,,,Error
1767,Google,,,,Error
1768,Google,,,,Error
1769,Google,,,,Error
1770,Google,,,,Error
1771,Google,,,,Error
1772,Google,,,,Error
1773,Google,,,,Error
1774,Google,,,,Error
1775,Google,,,,Error
1776,Google,,,,Error
1777,Google,,,,Error
1778,Google,,,,Error
1779,Google,,,,Error
1780,Google,,,,Error
1781,Google,,,,Error
1782,Google,,,,Error
1783,Google,,,,Error
1784,Google,,,,Error
1785,Google,,,,Error
1786,Google,,,,Error
1787,Google,,,,Error
1788,Google,,,,Error
1789,Google,,,,Error
1790,Google,,,,Error
1791,Google,,,,Error
1792,Google,,,,Error
1793,Google,,,,Error
1794,Google,,,,Error
1795,Google,,,,Error
1796,Google,,,,Error
1797,Google,,,,Error
1798,Google,,,,Error
1799,Google,,,,Error
1800,Google,,,,Error
1801,Google,,,,Error
1802,Google,,,,Error
1803,Google,,,,Error
1804,Google,,,,Error
1805,Google,,,,Error
1806,Google,,,,Error
1807,Google,,,,Error
1808,Google,,,,Error
1809,Google,,,,Error
1810,Google,,,,Error
1811,Google,,,,Error
1812,Google,,,,Error
1813,Google,,,,Error
1814,Google,,,,Error
1815,Google,,,,Error
1816,Google,,,,Error
1817,Google,,,,Error
1818,Google,,,,Error
1819,Google,,,,Error
1820,Google,,,,Error
1821,Google,,,,Error
1822,Google,,,,Error
1823,Google,,,,Error
1824,Google,,,,Error
1825,Google,,,,Error
1826,Google,,,,Error
1827,Google,,,,Error
1828,Google,,,,Error
1829,Google,,,,Error
1830,Google,,,,Error
1831,Google,,,,Error
1832,Google,,,,Error
1833,Google,,,,Error
1834,Google,,,,Error
1835,Google,,,,Error
1836,Google,,,,Error
1837,Google,,,,Error
1838,Google,,,,Error
1839,Google,,,,Error
1840,Google,,,,Error
1841,Google,,,,Error
1842,Google,,,,Error
1843,Google,,,,Error
1844,Google,,,,Error
1845,Google,,,,Error
1846,Google,,,,Error
1847,Google,,,,Error
1848,Google,,,,Error
1849,Google,,,,Error
1850,Google,,,,Error
1851,Google,,,,Error
1852,Google,,,,Error
1853,Google,,,,Error
1854,Google,,,,Error
1855,Google,,,,Error
1856,Google,,,,Error
1857,Google,,,,Error
1858,Google,,,,Error
1859,Google,,,,Error
1860,Google,,,,Error
1861,Google,,,,Error
1862,Google,,,,Error
1863,Google,,,,Error
1864,Google,,,,Error
1865,Google,,,,Error
1866,Google,,,,Error
1867,Google,,,,Error
1868,Google,,,,Error
1869,Google,,,,Error
1870,Google,,,,Error
1871,Google,,,,Error
1872,Google,,,,Error
1873,Google,,,,Error
1874,Google,,,,Error
1875,Google,,,,Error
1876,Google,,,,Error
1877,Google,,,,Error
1878,Google,,,,Error
1879,Google,,,,Error
1880,Google,,,,Error
1881,Google,,,,Error
1882,Google,,,,Error
1883,Google,,,,Error
1884,Google,,,,Error
1885,Google,,,,Error
1886,Google,,,,Error
1887,Google,,,,Error
1888,Google,,,,Error
1889,Google,,,,Error
1890,Google,,,,Error
1891,Google,,,,Error
1892,Google,,,,Error
1893,Google,,,,Error
1894,Google,,,,Error
1895,Google,,,,Error
1896,Google,,,,Error
1897,Google,,,,Error
1898,Google,,,,Error
1899,Google,,,,Error
1900,Google,,,,Error
1901,Google,,,,Error
1902,Google,,,,Error
1903,Google,,,,Error
1904,Google,,,,Error
1905,Google,,,,Error
1906,Google,,,,Error
1907,Google,,,,Error
1908,Google,,,,Error
1909,Google,,,,Error
1910,Google,,,,Error
1911,Google,,,,Error
1912,Google,,,,Error
1913,Google,,,,Error
1914,Google,,,,Error
1915,Google,,,,Error
1916,Google,,,,Error
1917,Google,,,,Error
1918,Google,,,,Error
1919,Google,,,,Error
1920,Google,,,,Error
1921,Google,,,,Error
1922,Google,,,,Error
1923,Google,,,,Error
1924,Google,,,,Error
1925,Google,,,,Error
1926,Google,,,,Error
1927,Google,,,,Error
1928,Google,,,,Error
1929,Google,,,,Error
1930,Google,,,,Error
1931,Google,,,,Error
1932,Google,,,,Error
1933,Google,,,,Error
1934,Google,,,,Error
1935,Google,,,,Error
1936,Google,,,,Error
1937,Google,,,,Error
1938,Google,,,,Error
1939,Google,,,,Error
1940,Google,,,,Error
1941,Google,,,,Error
1942,Google,,,,Error
1943,Google,,,,Error
1944,Google,,,,Error
1945,Google,,,,Error
1946,Google,,,,Error
1947,Google,,,,Error
1948,Google,,,,Error
1949,Google,,,,Error
1950,Google,,,,Error
1951,Google,,,,Error
1952,Google,,,,Error
1953,Google,,,,Error
1954,Google,,,,Error
1955,Google,,,,Error
1956,Google,,,,Error
1957,Google,,,,Error
1958,Google,,,,Error
1959,Google,,,,Error
1960,Google,,,,Error
1961,Google,,,,Error
1962,Google,,,,Error
1963,Google,,,,Error
1964,Google,,,,Error
1965,Google,,,,Error
1966,Google,,,,Error
1967,Google,,,,Error
1968,Google,,,,Error
1969,Google,,,,Error
1970,Google,,,,Error
1971,Google,,,,Error
1972,Google,,,,Error
1973,Google,,,,Error
1974,Google,,,,Error
1975,Google,,,,Error
1976,Google,,,,Error
1977,Google,,,,Error
1978,Google,,,,Error
1979,Google,,,,Error
1980,Google,,,,Error
1981,Google,,,,Error
1982,Google,,,,Error
1983,Google,,,,Error
1984,Google,,,,Error
1985,Google,,,,Error
1986,Google,,,,Error
1987,Google,,,,Error
1988,Google,,,,Error
1989,Google,,,,Error
1990,Google,,,,Error
1991,Google,,,,Error
1992,Google,,,,Error
1993,Google,,,,Error
1994,Google,,,,Error
1995,Google,,,,Error
1996,Google,,,,Error
1997,Google,,,,Error
1998,Google,,,,Error
1999,Google,,,,Error
2000,Google,,,,Error
2001,Google,,,,Error
2002,Google,,,,Error
2003,Google,,,,Error
2004,Google,,,,Error
2005,Google,,,,Error
2006,Google,,,,Error
2007,Google,,,,Error
2008,Google,,,,Error
2009,Google,,,,Error
2010,Google,,,,Error
2011,Google,,,,Error
2012,Google,,,,Error
2013,Google,,,,Error
2014,Google,,,,Error
2015,Google,,,,Error
2016,Google,,,,Error
2017,Google,,,,Error
2018,Google,,,,Error
2019,Google,,,,Error
2020,Google,,,,Error
2021,Google,,,,Error
2022,Google,,,,Error
2023,Google,,,,Error
2024,Google,,,,Error
2025,Google,,,,Error
2026,Google,,,,Error
2027,Google,,,,Error
2028,Google,,,,Error
2029,Google,,,,Error
2030,Google,,,,Error
2031,Google,,,,Error
2032,Google,,,,Error
2033,Google,,,,Error
2034,Google,,,,Error
2035,Google,,,,Error
2036,Google,,,,Error
2037,Google,,,,Error
2038,Google,,,,Error
2039,Google,,,,Error
2040,Google,,,,Error
2041,Google,,,,Error
2042,Google,,,,Error
2043,Google,,,,Error
2044,Google,,,,Error
2045,Google,,,,Error
2046,Google,,,,Error
2047,Google,,,,Error
2048,Google,,,,Error
2049,Google,,,,Error
2050,Google,,,,Error
2051,Google,,,,Error
2052,Google,,,,Error
2053,Google,,,,Error
2054,Google,,,,Error
2055,Google,,,,Error
2056,Google,,,,Error
2057,Google,,,,Error
2058,Google,,,,Error
2059,Google,,,,Error
2060,Google,,,,Error
2061,Google,,,,Error
2062,Google,,,,Error
2063,Google,,,,Error
2064,Google,,,,Error
2065,Google,,,,Error
2066,Google,,,,Error
2067,Google,,,,Error
2068,Google,,,,Error
2069,Google,,,,Error
2070,Google,,,,Error
2071,Google,,,,Error
2072,Google,,,,Error
2073,Google,,,,Error
2074,Google,,,,Error
2075,Google,,,,Error
2076,Google,,,,Error
2077,Google,,,,Error
2078,Google,,,,Error
2079,Google,,,,Error
2080,Google,,,,Error
2081,Google,,,,Error
2082,Google,,,,Error
2083,Google,,,,Error
2084,Google,,,,Error
2085,Google,,,,Error
2086,Google,,,,Error
2087,Google,,,,Error
2088,Google,,,,Error
2089,Google,,,,Error
2090,Google,,,,Error
2091,Google,,,,Error
2092,Google,,,,Error
2093,Google,,,,Error
2094,Google,,,,Error
2095,Google,,,,Error
2096,Google,,,,Error
2097,Google,,,,Error
2098,Google,,,,Error
2099,Google,,,,Error
2100,Google,,,,Error
2101,Google,,,,Error
2102,Google,,,,Error
2103,Google,,,,Error
2104,Google,,,,Error
2105,Google,,,,Error
2106,Google,,,,Error
2107,Google,,,,Error
2108,Google,,,,Error
2109,Google,,,,Error
2110,Google,,,,Error
2111,Google,,,,Error
2112,Google,,,,Error
2113,Google,,,,Error
2114,Google,,,,Error
2115,Google,,,,Error
2116,Google,,,,Error
2117,Google,,,,Error
2118,Google,,,,Error
2119,Google,,,,Error
2120,Google,,,,Error
2121,Google,,,,Error
2122,Google,,,,Error
2123,Google,,,,Error
2124,Google,,,,Error
2125,Google,,,,Error
2126,Google,,,,Error
2127,Google,,,,Error
2128,Google,,,,Error
2129,Google,,,,Error
2130,Google,,,,Error
2131,Google,,,,Error
2132,Google,,,,Error
2133,Google,,,,Error
2134,Google,,,,Error
2135,Google,,,,Error
2136,Google,,,,Error
2137,Google,,,,Error
2138,Google,,,,Error
2139,Google,,,,Error
2140,Google,,,,Error
2141,Google,,,,Error
2142,Google,,,,Error
2143,Google,,,,Error
2144,Google,,,,Error
2145,Google,,,,Error
2146,Google,,,,Error
2147,Google,,,,Error
2148,Google,,,,Error
2149,Google,,,,Error
2150,Google,,,,Error
2151,Google,,,,Error
2152,Google,,,,Error
2153,Google,,,,Error
2154,Google,,,,Error
2155,Google,,,,Error
2156,Google,,,,Error
2157,Google,,,,Error
2158,Google,,,,Error
2159,Google,,,,Error
2160,Google,,,,Error
2161,Google,,,,Error
2162,Google,,,,Error
2163,Google,,,,Error
2164,Google,,,,Error
2165,Google,,,,Error
2166,Google,,,,Error
2167,Google,,,,Error
2168,Google,,,,Error
2169,Google,,,,Error
2170,Google,,,,Error
2171,Google,,,,Error
2172,Google,,,,Error
2173,Google,,,,Error
2174,Google,,,,Error
2175,Google,,,,Error
2176,Google,,,,Error
2177,Google,,,,Error
2178,Google,,,,Error
2179,Google,,,,Error
2180,Google,,,,Error
2181,Google,,,,Error
2182,Google,,,,Error
2183,Google,,,,Error
2184,Google,,,,Error
2185,Google,,,,Error
2186,Google,,,,Error
2187,Google,,,,Error
2188,Google,,,,Error
2189,Google,,,,Error
2190,Google,,,,Error
2191,Google,,,,Error
2192,Google,,,,Error
2193,Google,,,,Error
2194,Google,,,,Error
2195,Google,,,,Error
2196,Google,,,,Error
2197,Google,,,,Error
2198,Google,,,,Error
2199,Google,,,,Error
2200,Google,,,,Error
2201,Google,,,,Error
2202,Google,,,,Error
2203,Google,,,,Error
2204,Google,,,,Error
2205,Google,,,,Error
2206,Google,,,,Error
2207,Google,,,,Error
2208,Google,,,,Error
2209,Google,,,,Error
2210,Google,,,,Error
2211,Google,,,,Error
2212,Google,,,,Error
2213,Google,,,,Error
2214,Google,,,,Error
2215,Google,,,,Error
2216,Google,,,,Error
2217,Google,,,,Error
2218,Google,,,,Error
2219,Google,,,,Error
2220,Google,,,,Error
2221,Google,,,,Error
2222,Google,,,,Error
2223,Google,,,,Error
2224,Google,,,,Error
2225,Google,,,,Error
2226,Google,,,,Error
2227,Google,,,,Error
2228,Google,,,,Error
2229,Google,,,,Error
2230,Google,,,,Error
2231,Google,,,,Error
2232,Google,,,,Error
2233,Google,,,,Error
2234,Google,,,,Error
2235,Google,,,,Error
2236,Google,,,,Error
2237,Google,,,,Error
2238,Google,,,,Error
2239,Google,,,,Error
2240,Google,,,,Error
2241,Google,,,,Error
2242,Google,,,,Error
2243,Google,,,,Error
2244,Google,,,,Error
2245,Google,,,,Error
2246,Google,,,,Error
2247,Google,,,,Error
2248,Google,,,,Error
2249,Google,,,,Error
2250,Google,,,,Error
2251,Google,,,,Error
2252,Google,,,,Error
2253,Google,,,,Error
2254,Google,,,,Error
2255,Google,,,,Error
2256,Google,,,,Error
2257,Google,,,,Error
2258,Google,,,,Error
2259,Google,,,,Error
2260,Google,,,,Error
2261,Google,,,,Error
2262,Google,,,,Error
2263,Google,,,,Error
2264,Google,,,,Error
2265,Google,,,,Error
2266,Google,,,,Error
2267,Google,,,,Error
2268,Google,,,,Error
2269,Google,,,,Error
2270,Google,,,,Error
2271,Google,,,,Error
2272,Google,,,,Error
2273,Google,,,,Error
2274,Google,,,,Error
2275,Google,,,,Error
2276,Google,,,,Error
2277,Google,,,,Error
2278,Google,,,,Error
2279,Google,,,,Error
2280,Google,,,,Error
2281,Google,,,,Error
2282,Google,,,,Error
2283,Google,,,,Error
2284,Google,,,,Error
2285,Google,,,,Error
2286,Google,,,,Error
2287,Google,,,,Error
2288,Google,,,,Error
2289,Google,,,,Error
2290,Google,,,,Error
2291,Google,,,,Error
2292,Google,,,,Error
2293,Google,,,,Error
2294,Google,,,,Error
2295,Google,,,,Error
2296,Google,,,,Error
2297,Google,,,,Error
2298,Google,,,,Error
2299,Google,,,,Error
2300,Google,,,,Error
2301,Google,,,,Error
2302,Google,,,,Error
2303,Google,,,,Error
2304,Google,,,,Error
2305,Google,,,,Error
2306,Google,,,,Error
2307,Google,,,,Error
2308,Google,,,,Error
2309,Google,,,,Error
2310,Google,,,,Error
2311,Google,,,,Error
2312,Google,,,,Error
2313,Google,,,,Error
2314,Google,,,,Error
2315,Google,,,,Error
2316,Google,,,,Error
2317,Google,,,,Error
2318,Google,,,,Error
2319,Google,,,,Error
2320,Google,,,,Error
2321,Google,,,,Error
2322,Google,,,,Error
2323,Google,,,,Error
2324,Google,,,,Error
2325,Google,,,,Error
2326,Google,,,,Error
2327,Google,,,,Error
2328,Google,,,,Error
2329,Google,,,,Error
2330,Google,,,,Error
2331,Google,,,,Error
2332,Google,,,,Error
2333,Google,,,,Error
2334,Google,,,,Error
2335,Google,,,,Error
2336,Google,,,,Error
2337,Google,,,,Error
2338,Google,,,,Error
2339,Google,,,,Error
2340,Google,,,,Error
2341,Google,,,,Error
2342,Google,,,,Error
2343,Google,,,,Error
2344,Google,,,,Error
2345,Google,,,,Error
2346,Google,,,,Error
2347,Google,,,,Error
2348,Google,,,,Error
2349,Google,,,,Error
2350,Google,,,,Error
2351,Google,,,,Error
2352,Google,,,,Error
2353,Google,,,,Error
2354,Google,,,,Error
2355,Google,,,,Error
2356,Google,,,,Error
2357,Google,,,,Error
2358,Google,,,,Error
2359,Google,,,,Error
2360,Google,,,,Error
2361,Google,,,,Error
2362,Google,,,,Error
2363,Google,,,,Error
2364,Google,,,,Error
2365,Google,,,,Error
2366,Google,,,,Error
2367,Google,,,,Error
2368,Google,,,,Error
2369,Google,,,,Error
2370,Google,,,,Error
2371,Google,,,,Error
2372,Google,,,,Error
2373,Google,,,,Error
2374,Google,,,,Error
2375,Google,,,,Error
2376,Google,,,,Error
2377,Google,,,,Error
2378,Google,,,,Error
2379,Google,,,,Error
2380,Google,,,,Error
2381,Google,,,,Error
2382,Google,,,,Error
2383,Google,,,,Error
2384,Google,,,,Error
2385,Google,,,,Error
2386,Google,,,,Error
2387,Google,,,,Error
2388,Google,,,,Error
2389,Google,,,,Error
2390,Google,,,,Error
2391,Google,,,,Error
2392,Google,,,,Error
2393,Google,,,,Error
2394,Google,,,,Error
2395,Google,,,,Error
2396,Google,,,,Error
2397,Google,,,,Error
2398,Google,,,,Error
2399,Google,,,,Error
2400,Google,,,,Error
2401,Google,,,,Error
2402,Google,,,,Error
2403,Google,,,,Error
2404,Google,,,,Error
2405,Google,,,,Error
2406,Google,,,,Error
2407,Google,,,,Error
2408,Google,,,,Error
2409,Google,,,,Error
2410,Google,,,,Error
2411,Google,,,,Error
2412,Google,,,,Error
2413,Google,,,,Error
2414,Google,,,,Error
2415,Google,,,,Error
2416,Google,,,,Error
2417,Google,,,,Error
2418,Google,,,,Error
2419,Google,,,,Error
2420,Google,,,,Error
2421,Google,,,,Error
2422,Google,,,,Error
2423,Google,,,,Error
2424,Google,,,,Error
2425,Google,,,,Error
2426,Google,,,,Error
2427,Google,,,,Error
2428,Google,,,,Error
2429,Google,,,,Error
2430,Google,,,,Error
2431,Google,,,,Error
2432,Google,,,,Error
2433,Google,,,,Error
2434,Google,,,,Error
2435,Google,,,,Error
2436,Google,,,,Error
2437,Google,,,,Error
2438,Google,,,,Error
2439,Google,,,,Error
2440,Google,,,,Error
2441,Google,,,,Error
2442,Google,,,,Error
2443,Google,,,,Error
2444,Google,,,,Error
2445,Google,,,,Error
2446,Google,,,,Error
2447,Google,,,,Error
2448,Google,,,,Error
2449,Google,,,,Error
2450,Google,,,,Error
2451,Google,,,,Error
2452,Google,,,,Error
2453,Google,,,,Error
2454,Google,,,,Error
2455,Google,,,,Error
2456,Google,,,,Error
2457,Google,,,,Error
2458,Google,,,,Error
2459,Google,,,,Error
2460,Google,,,,Error
2461,Google,,,,Error
2462,Google,,,,Error
2463,Google,,,,Error
2464,Google,,,,Error
2465,Google,,,,Error
2466,Google,,,,Error
2467,Google,,,,Error
2468,Google,,,,Error
2469,Google,,,,Error
2470,Google,,,,Error
2471,Google,,,,Error
2472,Google,,,,Error
2473,Google,,,,Error
2474,Google,,,,Error
2475,Google,,,,Error
2476,Google,,,,Error
2477,Google,,,,Error
2478,Google,,,,Error
2479,Google,,,,Error
2480,Google,,,,Error
2481,Google,,,,Error
2482,Google,,,,Error
2483,Google,,,,Error
2484,Google,,,,Error
2485,Google,,,,Error
2486,Google,,,,Error
2487,Google,,,,Error
2488,Google,,,,Error
2489,Google,,,,Error
2490,Google,,,,Error
2491,Google,,,,Error
2492,Google,,,,Error
2493,Google,,,,Error
2494,Google,,,,Error
2495,Google,,,,Error
2496,Google,,,,Error
2497,Google,,,,Error
2498,Google,,,,Error
2499,Google,,,,Error
2500,Google,,,,Error
2501,Google,,,,Error
2502,Google,,,,Error
2503,Google,,,,Error
2504,Google,,,,Error
2505,Google,,,,Error
2506,Google,,,,Error
2507,Google,,,,Error
2508,Google,,,,Error
2509,Google,,,,Error
2510,Google,,,,Error
2511,Google,,,,Error
2512,Google,,,,Error
2513,Google,,,,Error
2514,Google,,,,Error
2515,Google,,,,Error
2516,Google,,,,Error
2517,Google,,,,Error
2518,Google,,,,Error
2519,Google,,,,Error
2520,Google,,,,Error
2521,Google,,,,Error
2522,Google,,,,Error
2523,Google,,,,Error
2524,Google,,,,Error
2525,Google,,,,Error
2526,Google,,,,Error
2527,Google,,,,Error
2528,Google,,,,Error
2529,Google,,,,Error
2530,Google,,,,Error
2531,Google,,,,Error
2532,Google,,,,Error
2533,Google,,,,Error
2534,Google,,,,Error
2535,Google,,,,Error
2536,Google,,,,Error
2537,Google,,,,Error
2538,Google,,,,Error
2539,Google,,,,Error
2540,Google,,,,Error
2541,Google,,,,Error
2542,Google,,,,Error
2543,Google,,,,Error
2544,Google,,,,Error
2545,Google,,,,Error
2546,Google,,,,Error
2547,Google,,,,Error
2548,Google,,,,Error
2549,Google,,,,Error
2550,Google,,,,Error
2551,Google,,,,Error
2552,Google,,,,Error
2553,Google,,,,Error
2554,Google,,,,Error
2555,Google,,,,Error
2556,Google,,,,Error
2557,Google,,,,Error
2558,Google,,,,Error
2559,Google,,,,Error
2560,Google,,,,Error
2561,Google,,,,Error
2562,Google,,,,Error
2563,Google,,,,Error
2564,Google,,,,Error
2565,Google,,,,Error
2566,Google,,,,Error
2567,Google,,,,Error
2568,Google,,,,Error
2569,Google,,,,Error
2570,Google,,,,Error
2571,Google,,,,Error
2572,Google,,,,Error
2573,Google,,,,Error
2574,Google,,,,Error
2575,Google,,,,Error
2576,Google,,,,Error
2577,Google,,,,Error
2578,Google,,,,Error
2579,Google,,,,Error
2580,Google,,,,Error
2581,Google,,,,Error
2582,Google,,,,Error
2583,Google,,,,Error
2584,Google,,,,Error
2585,Google,,,,Error
2586,Google,,,,Error
2587,Google,,,,Error
2588,Google,,,,Error
2589,Google,,,,Error
2590,Google,,,,Error
2591,Google,,,,Error
2592,Google,,,,Error
2593,Google,,,,Error
2594,Google,,,,Error
2595,Google,,,,Error
2596,Google,,,,Error
2597,Google,,,,Error
2598,Google,,,,Error
2599,Google,,,,Error
2600,Google,,,,Error
2601,Google,,,,Error
2602,Google,,,,Error
2603,Google,,,,Error
2604,Google,,,,Error
2605,Google,,,,Error
2606,Google,,,,Error
2607,Google,,,,Error
2608,Google,,,,Error
2609,Google,,,,Error
2610,Google,,,,Error
2611,Google,,,,Error
2612,Google,,,,Error
2613,Google,,,,Error
2614,Google,,,,Error
2615,Google,,,,Error
2616,Google,,,,Error
2617,Google,,,,Error
2618,Google,,,,Error
2619,Google,,,,Error
2620,Google,,,,Error
2621,Google,,,,Error
2622,Google,,,,Error
2623,Google,,,,Error
2624,Google,,,,Error
2625,Google,,,,Error
2626,Google,,,,Error
2627,Google,,,,Error
2628,Google,,,,Error
2629,Google,,,,Error
2630,Google,,,,Error
2631,Google,,,,Error
2632,Google,,,,Error
2633,Google,,,,Error
2634,Google,,,,Error
2635,Google,,,,Error
2636,Google,,,,Error
2637,Google,,,,Error
2638,Google,,,,Error
2639,Google,,,,Error
2640,Google,,,,Error
2641,Google,,,,Error
2642,Google,,,,Error
2643,Google,,,,Error
2644,Google,,,,Error
2645,Google,,,,Error
2646,Google,,,,Error
2647,Google,,,,Error
2648,Google,,,,Error
2649,Google,,,,Error
2650,Google,,,,Error
2651,Google,,,,Error
2652,Google,,,,Error
2653,Google,,,,Error
2654,Google,,,,Error
2655,Google,,,,Error
2656,Google,,,,Error
2657,Google,,,,Error
2658,Google,,,,Error
2659,Google,,,,Error
2660,Google,,,,Error
2661,Google,,,,Error
2662,Google,,,,Error
2663,Google,,,,Error
2664,Google,,,,Error
2665,Google,,,,Error
2666,Google,,,,Error
2667,Google,,,,Error
2668,Google,,,,Error
2669,Google,,,,Error
2670,Google,,,,Error
2671,Google,,,,Error
2672,Google,,,,Error
2673,Google,,,,Error
2674,Google,,,,Error
2675,Google,,,,Error
2676,Google,,,,Error
2677,Google,,,,Error
2678,Google,,,,Error
2679,Google,,,,Error
2680,Google,,,,Error
2681,Google,,,,Error
2682,Google,,,,Error
2683,Google,,,,Error
2684,Google,,,,Error
2685,Google,,,,Error
2686,Google,,,,Error
2687,Google,,,,Error
2688,Google,,,,Error
2689,Google,,,,Error
2690,Google,,,,Error
2691,Google,,,,Error
2692,Google,,,,Error
2693,Google,,,,Error
2694,Google,,,,Error
2695,Google,,,,Error
2696,Google,,,,Error
2697,Google,,,,Error
2698,Google,,,,Error
2699,Google,,,,Error
2700,Google,,,,Error
2701,Google,,,,Error
2702,Google,,,,Error
2703,Google,,,,Error
2704,Google,,,,Error
2705,Google,,,,Error
2706,Google,,,,Error
2707,Google,,,,Error
2708,Google,,,,Error
2709,Google,,,,Error
2710,Google,,,,Error
2711,Google,,,,Error
2712,Google,,,,Error
2713,Google,,,,Error
2714,Google,,,,Error
2715,Google,,,,Error
2716,Google,,,,Error
2717,Google,,,,Error
2718,Google,,,,Error
2719,Google,,,,Error
2720,Google,,,,Error
2721,Google,,,,Error
2722,Google,,,,Error
2723,Google,,,,Error
2724,Google,,,,Error
2725,Google,,,,Error
2726,Google,,,,Error
2727,Google,,,,Error
2728,Google,,,,Error
2729,Google,,,,Error
2730,Google,,,,Error
2731,Google,,,,Error
2732,Google,,,,Error
2733,Google,,,,Error
2734,Google,,,,Error
2735,Google,,,,Error
2736,Google,,,,Error
2737,Google,,,,Error
2738,Google,,,,Error
2739,Google,,,,Error
2740,Google,,,,Error
2741,Google,,,,Error
2742,Google,,,,Error
2743,Google,,,,Error
2744,Google,,,,Error
2745,Google,,,,Error
2746,Google,,,,Error
2747,Google,,,,Error
2748,Google,,,,Error
2749,Google,,,,Error
2750,Google,,,,Error
2751,Google,,,,Error
2752,Google,,,,Error
2753,Google,,,,Error
2754,Google,,,,Error
2755,Google,,,,Error
2756,Google,,,,Error
2757,Google,,,,Error
2758,Google,,,,Error
2759,Google,,,,Error
2760,Google,,,,Error
2761,Google,,,,Error
2762,Google,,,,Error
2763,Google,,,,Error
2764,Google,,,,Error
2765,Google,,,,Error
2766,Google,,,,Error
2767,Google,,,,Error
2768,Google,,,,Error
2769,Google,,,,Error
2770,Google,,,,Error
2771,Google,,,,Error
2772,Google,,,,Error
2773,Google,,,,Error
2774,Google,,,,Error
2775,Google,,,,Error
2776,Google,,,,Error
2777,Google,,,,Error
2778,Google,,,,Error
2779,Google,,,,Error
2780,Google,,,,Error
2781,Google,,,,Error
2782,Google,,,,Error
2783,Google,,,,Error
2784,Google,,,,Error
2785,Google,,,,Error
2786,Google,,,,Error
2787,Google,,,,Error
2788,Google,,,,Error
2789,Google,,,,Error
2790,Google,,,,Error
2791,Google,,,,Error
2792,Google,,,,Error
2793,Google,,,,Error
2794,Google,,,,Error
2795,Google,,,,Error
2796,Google,,,,Error
2797,Google,,,,Error
2798,Google,,,,Error
2799,Google,,,,Error
2800,Google,,,,Error
2801,Google,,,,Error
2802,Google,,,,Error
2803,Google,,,,Error
2804,Google,,,,Error
2805,Google,,,,Error
2806,Google,,,,Error
2807,Google,,,,Error
2808,Google,,,,Error
2809,Google,,,,Error
2810,Google,,,,Error
2811,Google,,,,Error
2812,Google,,,,Error
2813,Google,,,,Error
2814,Google,,,,Error
2815,Google,,,,Error
2816,Google,,,,Error
2817,Google,,,,Error
2818,Google,,,,Error
2819,Google,,,,Error
2820,Google,,,,Error
2821,Google,,,,Error
2822,Google,,,,Error
2823,Google,,,,Error
2824,Google,,,,Error
2825,Google,,,,Error
2826,Google,,,,Error
2827,Google,,,,Error
2828,Google,,,,Error
2829,Google,,,,Error
2830,Google,,,,Error
2831,Google,,,,Error
2832,Google,,,,Error
2833,Google,,,,Error
2834,Google,,,,Error
2835,Google,,,,Error
2836,Google,,,,Error
2837,Google,,,,Error
2838,Google,,,,Error
2839,Google,,,,Error
2840,Google,,,,Error
2841,Google,,,,Error
2842,Google,,,,Error
2843,Google,,,,Error
2844,Google,,,,Error
2845,Google,,,,Error
2846,Google,,,,Error
2847,Google,,,,Error
2848,Google,,,,Error
2849,Google,,,,Error
2850,Google,,,,Error
2851,Google,,,,Error
2852,Google,,,,Error
2853,Google,,,,Error
2854,Google,,,,Error
2855,Google,,,,Error
2856,Google,,,,Error
2857,Google,,,,Error
2858,Google,,,,Error
2859,Google,,,,Error
2860,Google,,,,Error
2861,Google,,,,Error
2862,Google,,,,Error
2863,Google,,,,Error
2864,Google,,,,Error
2865,Google,,,,Error
2866,Google,,,,Error
2867,Google,,,,Error
2868,Google,,,,Error
2869,Google,,,,Error
2870,Google,,,,Error
2871,Google,,,,Error
2872,Google,,,,Error
2873,Google,,,,Error
2874,Google,,,,Error
2875,Google,,,,Error
2876,Google,,,,Error
2877,Google,,,,Error
2878,Google,,,,Error
2879,Google,,,,Error
2880,Google,,,,Error
2881,Google,,,,Error
2882,Google,,,,Error
2883,Google,,,,Error
2884,Google,,,,Error
2885,Google,,,,Error
2886,Google,,,,Error
2887,Google,,,,Error
2888,Google,,,,Error
2889,Google,,,,Error
2890,Google,,,,Error
2891,Google,,,,Error
2892,Google,,,,Error
2893,Google,,,,Error
2894,Google,,,,Error
2895,Google,,,,Error
2896,Google,,,,Error
2897,Google,,,,Error
2898,Google,,,,Error
2899,Google,,,,Error
2900,Google,,,,Error
2901,Google,,,,Error
2902,Google,,,,Error
2903,Google,,,,Error
2904,Google,,,,Error
2905,Google,,,,Error
2906,Google,,,,Error
2907,Google,,,,Error
2908,Google,,,,Error
2909,Google,,,,Error
2910,Google,,,,Error
2911,Google,,,,Error
2912,Google,,,,Error
2913,Google,,,,Error
2914,Google,,,,Error
2915,Google,,,,Error
2916,Google,,,,Error
2917,Google,,,,Error
2918,Google,,,,Error
2919,Google,,,,Error
2920,Google,,,,Error
2921,Google,,,,Error
2922,Google,,,,Error
2923,Google,,,,Error
2924,Google,,,,Error
2925,Google,,,,Error
2926,Google,,,,Error
2927,Google,,,,Error
2928,Google,,,,Error
2929,Google,,,,Error
2930,Google,,,,Error
2931,Google,,,,Error
2932,Google,,,,Error
2933,Google,,,,Error
2934,Google,,,,Error
2935,Google,,,,Error
2936,Google,,,,Error
2937,Google,,,,Error
2938,Google,,,,Error
2939,Google,,,,Error
2940,Google,,,,Error
2941,Google,,,,Error
2942,Google,,,,Error
2943,Google,,,,Error
2944,Google,,,,Error
2945,Google,,,,Error
2946,Google,,,,Error
2947,Google,,,,Error
2948,Google,,,,Error
2949,Google,,,,Error
2950,Google,,,,Error
2951,Google,,,,Error
2952,Google,,,,Error
2953,Google,,,,Error
2954,Google,,,,Error
2955,Google,,,,Error
2956,Google,,,,Error
2957,Google,,,,Error
2958,Google,,,,Error
2959,Google,,,,Error
2960,Google,,,,Error
2961,Google,,,,Error
2962,Google,,,,Error
2963,Google,,,,Error
2964,Google,,,,Error
2965,Google,,,,Error
2966,Google,,,,Error
2967,Google,,,,Error
2968,Google,,,,Error
2969,Google,,,,Error
2970,Google,,,,Error
2971,Google,,,,Error
2972,Google,,,,Error
2973,Google,,,,Error
2974,Google,,,,Error
2975,Google,,,,Error
2976,Google,,,,Error
2977,Google,,,,Error
2978,Google,,,,Error
2979,Google,,,,Error
2980,Google,,,,Error
2981,Google,,,,Error
2982,Google,,,,Error
2983,Google,,,,Error
2984,Google,,,,Error
2985,Google,,,,Error
2986,Google,,,,Error
2987,Google,,,,Error
2988,Google,,,,Error
2989,Google,,,,Error
2990,Google,,,,Error
2991,Google,,,,Error
2992,Google,,,,Error
2993,Google,,,,Error
2994,Google,,,,Error
2995,Google,,,,Error
2996,Google,,,,Error
2997,Google,,,,Error
2998,Google,,,,Error
2999,Google,,,,Error
3000,Google,,,,Error
3001,Google,,,,Error
3002,Google,,,,Error
3003,Google,,,,Error
3004,Google,,,,Error
3005,Google,,,,Error
3006,Google,,,,Error
3007,Google,,,,Error
3008,Google,,,,Error
3009,Google,,,,Error
3010,Google,,,,Error
3011,Google,,,,Error
3012,Google,,,,Error
3013,Google,,,,Error
3014,Google,,,,Error
3015,Google,,,,Error
3016,Google,,,,Error
3017,Google,,,,Error
3018,Google,,,,Error
3019,Google,,,,Error
3020,Google,,,,Error
3021,Google,,,,Error
3022,Google,,,,Error
3023,Google,,,,Error
3024,Google,,,,Error
3025,Google,,,,Error
3026,Google,,,,Error
3027,Google,,,,Error
3028,Google,,,,Error
3029,Google,,,,Error
3030,Google,,,,Error
3031,Google,,,,Error
3032,Google,,,,Error
3033,Google,,,,Error
3034,Google,,,,Error
3035,Google,,,,Error
3036,Google,,,,Error
3037,Google,,,,Error
3038,Google,,,,Error
3039,Google,,,,Error
3040,Google,,,,Error
3041,Google,,,,Error
3042,Google,,,,Error
3043,Google,,,,Error
3044,Google,,,,Error
3045,Google,,,,Error
3046,Google,,,,Error
3047,Google,,,,Error
3048,Google,,,,Error
3049,Google,,,,Error
3050,Google,,,,Error
3051,Google,,,,Error
3052,Google,,,,Error
3053,Google,,,,Error
3054,Google,,,,Error
3055,Google,,,,Error
3056,Google,,,,Error
3057,Google,,,,Error
3058,Google,,,,Error
3059,Google,,,,Error
3060,Google,,,,Error
3061,Google,,,,Error
3062,Google,,,,Error
3063,Google,,,,Error
3064,Google,,,,Error
3065,Google,,,,Error
3066,Google,,,,Error
3067,Google,,,,Error
3068,Google,,,,Error
3069,Google,,,,Error
3070,Google,,,,Error
3071,Google,,,,Error
3072,Google,,,,Error
3073,Google,,,,Error
3074,Google,,,,Error
3075,Google,,,,Error
3076,Google,,,,Error
3077,Google,,,,Error
3078,Google,,,,Error
3079,Google,,,,Error
3080,Google,,,,Error
3081,Google,,,,Error
3082,Google,,,,Error
3083,Google,,,,Error
3084,Google,,,,Error
3085,Google,,,,Error
3086,Google,,,,Error
3087,Google,,,,Error
3088,Google,,,,Error
3089,Google,,,,Error
3090,Google,,,,Error
3091,Google,,,,Error
3092,Google,,,,Error
3093,Google,,,,Error
3094,Google,,,,Error
3095,Google,,,,Error
3096,Google,,,,Error
3097,Google,,,,Error
3098,Google,,,,Error
3099,Google,,,,Error
3100,Google,,,,Error
3101,Google,,,,Error
3102,Google,,,,Error
3103,Google,,,,Error
3104,Google,,,,Error
3105,Google,,,,Error
3106,Google,,,,Error
3107,Google,,,,Error
3108,Google,,,,Error
3109,Google,,,,Error
3110,Google,,,,Error
3111,Google,,,,Error
3112,Google,,,,Error
3113,Google,,,,Error
3114,Google,,,,Error
3115,Google,,,,Error
3116,Google,,,,Error
3117,Google,,,,Error
3118,Google,,,,Error
3119,Google,,,,Error
3120,Google,,,,Error
3121,Google,,,,Error
3122,Google,,,,Error
3123,Google,,,,Error
3124,Google,,,,Error
3125,Google,,,,Error
3126,Google,,,,Error
3127,Google,,,,Error
3128,Google,,,,Error
3129,Google,,,,Error
3130,Google,,,,Error
3131,Google,,,,Error
3132,Google,,,,Error
3133,Google,,,,Error
3134,Google,,,,Error
3135,Google,,,,Error
3136,Google,,,,Error
3137,Google,,,,Error
3138,Google,,,,Error
3139,Google,,,,Error
3140,Google,,,,Error
3141,Google,,,,Error
3142,Google,,,,Error
3143,Google,,,,Error
3144,Google,,,,Error
3145,Google,,,,Error
3146,Google,,,,Error
3147,Google,,,,Error
3148,Google,,,,Error
3149,Google,,,,Error
3150,Google,,,,Error
3151,Google,,,,Error
3152,Google,,,,Error
3153,Google,,,,Error
3154,Google,,,,Error
3155,Google,,,,Error
3156,Google,,,,Error
3157,Google,,,,Error
3158,Google,,,,Error
3159,Google,,,,Error
3160,Google,,,,Error
3161,Google,,,,Error
3162,Google,,,,Error
3163,Google,,,,Error
3164,Google,,,,Error
3165,Google,,,,Error
3166,Google,,,,Error
3167,Google,,,,Error
3168,Google,,,,Error
3169,Google,,,,Error
3170,Google,,,,Error
3171,Google,,,,Error
3172,Google,,,,Error
3173,Google,,,,Error
3174,Google,,,,Error
3175,Google,,,,Error
3176,Google,,,,Error
3177,Google,,,,Error
3178,Google,,,,Error
3179,Google,,,,Error
3180,Google,,,,Error
3181,Google,,,,Error
3182,Google,,,,Error
3183,Google,,,,Error
3184,Google,,,,Error
3185,Google,,,,Error
3186,Google,,,,Error
3187,Google,,,,Error
3188,Google,,,,Error
3189,Google,,,,Error
3190,Google,,,,Error
3191,Google,,,,Error
3192,Google,,,,Error
3193,Google,,,,Error
3194,Google,,,,Error
3195,Google,,,,Error
3196,Google,,,,Error
3197,Google,,,,Error
3198,Google,,,,Error
3199,Google,,,,Error
3200,Google,,,,Error
3201,Google,,,,Error
3202,Google,,,,Error
3203,Google,,,,Error
3204,Google,,,,Error
3205,Google,,,,Error
3206,Google,,,,Error
3207,Google,,,,Error
3208,Google,,,,Error
3209,Google,,,,Error
3210,Google,,,,Error
3211,Google,,,,Error
3212,Google,,,,Error
3213,Google,,,,Error
3214,Google,,,,Error
3215,Google,,,,Error
3216,Google,,,,Error
3217,Google,,,,Error
3218,Google,,,,Error
3219,Google,,,,Error
3220,Google,,,,Error
3221,Google,,,,Error
3222,Google,,,,Error
3223,Google,,,,Error
3224,Google,,,,Error
3225,Google,,,,Error
3226,Google,,,,Error
3227,Google,,,,Error
3228,Google,,,,Error
3229,Google,,,,Error
3230,Google,,,,Error
3231,Google,,,,Error
3232,Google,,,,Error
3233,Google,,,,Error
3234,Google,,,,Error
3235,Google,,,,Error
3236,Google,,,,Error
3237,Google,,,,Error
3238,Google,,,,Error
3239,Google,,,,Error
3240,Google,,,,Error
3241,Google,,,,Error
3242,Google,,,,Error
3243,Google,,,,Error
3244,Google,,,,Error
3245,Google,,,,Error
3246,Google,,,,Error
3247,Google,,,,Error
3248,Google,,,,Error
3249,Google,,,,Error
3250,Google,,,,Error
3251,Google,,,,Error
3252,Google,,,,Error
3253,Google,,,,Error
3254,Google,,,,Error
3255,Google,,,,Error
3256,Google,,,,Error
3257,Google,,,,Error
3258,Google,,,,Error
3259,Google,,,,Error
3260,Google,,,,Error
3261,Google,,,,Error
3262,Google,,,,Error
3263,Google,,,,Error
3264,Google,,,,Error
3265,Google,,,,Error
3266,Google,,,,Error
3267,Google,,,,Error
3268,Google,,,,Error
3269,Google,,,,Error
3270,Google,,,,Error
3271,Google,,,,Error
3272,Google,,,,Error
3273,Google,,,,Error
3274,Google,,,,Error
3275,Google,,,,Error
3276,Google,,,,Error
3277,Google,,,,Error
3278,Google,,,,Error
3279,Google,,,,Error
3280,Google,,,,Error
3281,Google,,,,Error
3282,Google,,,,Error
3283,Google,,,,Error
3284,Google,,,,Error
3285,Google,,,,Error
3286,Google,,,,Error
3287,Google,,,,Error
3288,Google,,,,Error
3289,Google,,,,Error
3290,Google,,,,Error
3291,Google,,,,Error
3292,Google,,,,Error
3293,Google,,,,Error
3294,Google,,,,Error
3295,Google,,,,Error
3296,Google,,,,Error
3297,Google,,,,Error
3298,Google,,,,Error
3299,Google,,,,Error
3300,Google,,,,Error
3301,Google,,,,Error
3302,Google,,,,Error
3303,Google,,,,Error
3304,Google,,,,Error
3305,Google,,,,Error
3306,Google,,,,Error
3307,Google,,,,Error
3308,Google,,,,Error
3309,Google,,,,Error
3310,Google,,,,Error
3311,Google,,,,Error
3312,Google,,,,Error
3313,Google,,,,Error
3314,Google,,,,Error
3315,Google,,,,Error
3316,Google,,,,Error
3317,Google,,,,Error
3318,Google,,,,Error
3319,Google,,,,Error
3320,Google,,,,Error
3321,Google,,,,Error
3322,Google,,,,Error
3323,Google,,,,Error
3324,Google,,,,Error
3325,Google,,,,Error
3326,Google,,,,Error
3327,Google,,,,Error
3328,Google,,,,Error
3329,Google,,,,Error
3330,Google,,,,Error
3331,Google,,,,Error
3332,Google,,,,Error
3333,Google,,,,Error
3334,Google,,,,Error
3335,Google,,,,Error
3336,Google,,,,Error
3337,Google,,,,Error
3338,Google,,,,Error
3339,Google,,,,Error
3340,Google,,,,Error
3341,Google,,,,Error
3342,Google,,,,Error
3343,Google,,,,Error
3344,Google,,,,Error
3345,Google,,,,Error
3346,Google,,,,Error
3347,Google,,,,Error
3348,Google,,,,Error
3349,Google,,,,Error
3350,Google,,,,Error
3351,Google,,,,Error
3352,Google,,,,Error
3353,Google,,,,Error
3354,Google,,,,Error
3355,Google,,,,Error
3356,Google,,,,Error
3357,Google,,,,Error
3358,Google,,,,Error
3359,Google,,,,Error
3360,Google,,,,Error
3361,Google,,,,Error
3362,Google,,,,Error
3363,Google,,,,Error
3364,Google,,,,Error
3365,Google,,,,Error
3366,Google,,,,Error
3367,Google,,,,Error
3368,Google,,,,Error
3369,Google,,,,Error
3370,Google,,,,Error
3371,Google,,,,Error
3372,Google,,,,Error
3373,Google,,,,Error
3374,Google,,,,Error
3375,Google,,,,Error
3376,Google,,,,Error
3377,Google,,,,Error
3378,Google,,,,Error
3379,Google,,,,Error
3380,Google,,,,Error
3381,Google,,,,Error
3382,Google,,,,Error
3383,Google,,,,Error
3384,Google,,,,Error
3385,Google,,,,Error
3386,Google,,,,Error
3387,Google,,,,Error
3388,Google,,,,Error
3389,Google,,,,Error
3390,Google,,,,Error
3391,Google,,,,Error
3392,Google,,,,Error
3393,Google,,,,Error
3394,Google,,,,Error
3395,Google,,,,Error
3396,Google,,,,Error
3397,Google,,,,Error
3398,Google,,,,Error
3399,Google,,,,Error
3400,Google,,,,Error
3401,Google,,,,Error
3402,Google,,,,Error
3403,Google,,,,Error
3404,Google,,,,Error
3405,Google,,,,Error
3406,Google,,,,Error
3407,Google,,,,Error
3408,Google,,,,Error
3409,Google,,,,Error
3410,Google,,,,Error
3411,Google,,,,Error
3412,Google,,,,Error
3413,Google,,,,Error
3414,Google,,,,Error
3415,Google,,,,Error
3416,Google,,,,Error
3417,Google,,,,Error
3418,Google,,,,Error
3419,Google,,,,Error
3420,Google,,,,Error
3421,Google,,,,Error
3422,Google,,,,Error
3423,Google,,,,Error
3424,Google,,,,Error
3425,Google,,,,Error
3426,Google,,,,Error
3427,Google,,,,Error
3428,Google,,,,Error
3429,Google,,,,Error
3430,Google,,,,Error
3431,Google,,,,Error
3432,Google,,,,Error
3433,Google,,,,Error
3434,Google,,,,Error
3435,Google,,,,Error
3436,Google,,,,Error
3437,Google,,,,Error
3438,Google,,,,Error
3439,Google,,,,Error
3440,Google,,,,Error
3441,Google,,,,Error
3442,Google,,,,Error
3443,Google,,,,Error
3444,Google,,,,Error
3445,Google,,,,Error
3446,Google,,,,Error
3447,Google,,,,Error
3448,Google,,,,Error
3449,Google,,,,Error
3450,Google,,,,Error
3451,Google,,,,Error
3452,Google,,,,Error
3453,Google,,,,Error
3454,Google,,,,Error
3455,Google,,,,Error
3456,Google,,,,Error
3457,Google,,,,Error
3458,Google,,,,Error
3459,Google,,,,Error
3460,Google,,,,Error
3461,Google,,,,Error
3462,Google,,,,Error
3463,Google,,,,Error
3464,Google,,,,Error
3465,Google,,,,Error
3466,Google,,,,Error
3467,Google,,,,Error
3468,Google,,,,Error
3469,Google,,,,Error
3470,Google,,,,Error
3471,Google,,,,Error
3472,Google,,,,Error
3473,Google,,,,Error
3474,Google,,,,Error
3475,Google,,,,Error
3476,Google,,,,Error
3477,Google,,,,Error
3478,Google,,,,Error
3479,Google,,,,Error
3480,Google,,,,Error
3481,Google,,,,Error
3482,Google,,,,Error
3483,Google,,,,Error
3484,Google,,,,Error
3485,Google,,,,Error
3486,Google,,,,Error
3487,Google,,,,Error
3488,Google,,,,Error
3489,Google,,,,Error
3490,Google,,,,Error
3491,Google,,,,Error
3492,Google,,,,Error
3493,Google,,,,Error
3494,Google,,,,Error
3495,Google,,,,Error
3496,Google,,,,Error
3497,Google,,,,Error
3498,Google,,,,Error
3499,Google,,,,Error
3500,Google,,,,Error
3501,Google,,,,Error
3502,Google,,,,Error
3503,Google,,,,Error
3504,Google,,,,Error
3505,Google,,,,Error
3506,Google,,,,Error
3507,Google,,,,Error
3508,Google,,,,Error
3509,Google,,,,Error
3510,Google,,,,Error
3511,Google,,,,Error
3512,Google,,,,Error
3513,Google,,,,Error
3514,Google,,,,Error
3515,Google,,,,Error
3516,Google,,,,Error
3517,Google,,,,Error
3518,Google,,,,Error
3519,Google,,,,Error
3520,Google,,,,Error
3521,Google,,,,Error
3522,Google,,,,Error
3523,Google,,,,Error
3524,Google,,,,Error
3525,Google,,,,Error
3526,Google,,,,Error
3527,Google,,,,Error
3528,Google,,,,Error
3529,Google,,,,Error
3530,Google,,,,Error
3531,Google,,,,Error
3532,Google,,,,Error
3533,Google,,,,Error
3534,Google,,,,Error
3535,Google,,,,Error
3536,Google,,,,Error
3537,Google,,,,Error
3538,Google,,,,Error
3539,Google,,,,Error
3540,Google,,,,Error
3541,Google,,,,Error
3542,Google,,,,Error
3543,Google,,,,Error
3544,Google,,,,Error
3545,Google,,,,Error
3546,Google,,,,Error
3547,Google,,,,Error
3548,Google,,,,Error
3549,Google,,,,Error
3550,Google,,,,Error
3551,Google,,,,Error
3552,Google,,,,Error
3553,Google,,,,Error
3554,Google,,,,Error
3555,Google,,,,Error
3556,Google,,,,Error
3557,Google,,,,Error
3558,Google,,,,Error
3559,Google,,,,Error
3560,Google,,,,Error
3561,Google,,,,Error
3562,Google,,,,Error
3563,Google,,,,Error
3564,Google,,,,Error
3565,Google,,,,Error
3566,Google,,,,Error
3567,Google,,,,Error
3568,Google,,,,Error
3569,Google,,,,Error
3570,Google,,,,Error
3571,Google,,,,Error
3572,Google,,,,Error
3573,Google,,,,Error
3574,Google,,,,Error
3575,Google,,,,Error
3576,Google,,,,Error
3577,Google,,,,Error
3578,Google,,,,Error
3579,Google,,,,Error
3580,Google,,,,Error
3581,Google,,,,Error
3582,Google,,,,Error
3583,Google,,,,Error
3584,Google,,,,Error
3585,Google,,,,Error
3586,Google,,,,Error
3587,Google,,,,Error
3588,Google,,,,Error
3589,Google,,,,Error
3590,Google,,,,Error
3591,Google,,,,Error
3592,Google,,,,Error
3593,Google,,,,Error
3594,Google,,,,Error
3595,Google,,,,Error
3596,Google,,,,Error
3597,Google,,,,Error
3598,Google,,,,Error
3599,Google,,,,Error
3600,Google,,,,Error
3601,Google,,,,Error
3602,Google,,,,Error
3603,Google,,,,Error
3604,Google,,,,Error
3605,Google,,,,Error
3606,Google,,,,Error
3607,Google,,,,Error
3608,Google,,,,Error
3609,Google,,,,Error
3610,Google,,,,Error
3611,Google,,,,Error
3612,Google,,,,Error
3613,Google,,,,Error
3614,Google,,,,Error
3615,Google,,,,Error
3616,Google,,,,Error
3617,Google,,,,Error
3618,Google,,,,Error
3619,Google,,,,Error
3620,Google,,,,Error
3621,Google,,,,Error
3622,Google,,,,Error
3623,Google,,,,Error
3624,Google,,,,Error
3625,Google,,,,Error
3626,Google,,,,Error
3627,Google,,,,Error
3628,Google,,,,Error
3629,Google,,,,Error
3630,Google,,,,Error
3631,Google,,,,Error
3632,Google,,,,Error
3633,Google,,,,Error
3634,Google,,,,Error
3635,Google,,,,Error
3636,Google,,,,Error
3637,Google,,,,Error
3638,Google,,,,Error
3639,Google,,,,Error
3640,Google,,,,Error
3641,Google,,,,Error
3642,Google,,,,Error
3643,Google,,,,Error
3644,Google,,,,Error
3645,Google,,,,Error
3646,Google,,,,Error
3647,Google,,,,Error
3648,Google,,,,Error
3649,Google,,,,Error
3650,Google,,,,Error
3651,Google,,,,Error
3652,Google,,,,Error
3653,Google,,,,Error
3654,Google,,,,Error
3655,Google,,,,Error
3656,Google,,,,Error
3657,Google,,,,Error
3658,Google,,,,Error
3659,Google,,,,Error
3660,Google,,,,Error
3661,Google,,,,Error
3662,Google,,,,Error
3663,Google,,,,Error
3664,Google,,,,Error
3665,Google,,,,Error
3666,Google,,,,Error
3667,Google,,,,Error
3668,Google,,,,Error
3669,Google,,,,Error
3670,Google,,,,Error
3671,Google,,,,Error
3672,Google,,,,Error
3673,Google,,,,Error
3674,Google,,,,Error
3675,Google,,,,Error
3676,Google,,,,Error
3677,Google,,,,Error
3678,Google,,,,Error
3679,Google,,,,Error
3680,Google,,,,Error
3681,Google,,,,Error
3682,Google,,,,Error
3683,Google,,,,Error
3684,Google,,,,Error
3685,Google,,,,Error
3686,Google,,,,Error
3687,Google,,,,Error
3688,Google,,,,Error
3689,Google,,,,Error
3690,Google,,,,Error
3691,Google,,,,Error
3692,Google,,,,Error
3693,Google,,,,Error
3694,Google,,,,Error
3695,Google,,,,Error
3696,Google,,,,Error
3697,Google,,,,Error
3698,Google,,,,Error
3699,Google,,,,Error
3700,Google,,,,Error
3701,Google,,,,Error
3702,Google,,,,Error
3703,Google,,,,Error
3704,Google,,,,Error
3705,Google,,,,Error
3706,Google,,,,Error
3707,Google,,,,Error
3708,Google,,,,Error
3709,Google,,,,Error
3710,Google,,,,Error
3711,Google,,,,Error
3712,Google,,,,Error
3713,Google,,,,Error
3714,Google,,,,Error
3715,Google,,,,Error
3716,Google,,,,Error
3717,Google,,,,Error
3718,Google,,,,Error
3719,Google,,,,Error
3720,Google,,,,Error
3721,Google,,,,Error
3722,Google,,,,Error
3723,Google,,,,Error
3724,Google,,,,Error
3725,Google,,,,Error
3726,Google,,,,Error
3727,Google,,,,Error
3728,Google,,,,Error
3729,Google,,,,Error
3730,Google,,,,Error
3731,Google,,,,Error
3732,Google,,,,Error
3733,Google,,,,Error
3734,Google,,,,Error
3735,Google,,,,Error
3736,Google,,,,Error
3737,Google,,,,Error
3738,Google,,,,Error
3739,Google,,,,Error
3740,Google,,,,Error
3741,Google,,,,Error
3742,Google,,,,Error
3743,Google,,,,Error
3744,Google,,,,Error
3745,Google,,,,Error
3746,Google,,,,Error
3747,Google,,,,Error
3748,Google,,,,Error
3749,Google,,,,Error
3750,Google,,,,Error
3751,Google,,,,Error
3752,Google,,,,Error
3753,Google,,,,Error
3754,Google,,,,Error
3755,Google,,,,Error
3756,Google,,,,Error
3757,Google,,,,Error
3758,Google,,,,Error
3759,Google,,,,Error
3760,Google,,,,Error
3761,Google,,,,Error
3762,Google,,,,Error
3763,Google,,,,Error
3764,Google,,,,Error
3765,Google,,,,Error
3766,Google,,,,Error
3767,Google,,,,Error
3768,Google,,,,Error
3769,Google,,,,Error
3770,Google,,,,Error
3771,Google,,,,Error
3772,Google,,,,Error
3773,Google,,,,Error
